Domain,Host,IPv4,IPv6,Ports
google.com,alt3.aspmx.l.google.com,172.253.120.26,NULL,"[('25', 'tcp'), ('110', 'tcp'), ('119', 'tcp'), ('143', 'tcp'), ('465', 'tcp'), ('563', 'tcp'), ('587', 'tcp'), ('993', 'tcp'), ('995', 'tcp')]"
google.com,alt4.aspmx.l.google.com,172.217.218.27,NULL,"[('25', 'tcp'), ('110', 'tcp'), ('119', 'tcp'), ('143', 'tcp'), ('563', 'tcp'), ('587', 'tcp'), ('993', 'tcp'), ('995', 'tcp')]"
google.com,alt1.aspmx.l.google.com,64.233.186.26,NULL,"[('25', 'tcp'), ('110', 'tcp'), ('119', 'tcp'), ('143', 'tcp'), ('465', 'tcp'), ('563', 'tcp'), ('587', 'tcp'), ('993', 'tcp'), ('995', 'tcp')]"
google.com,alt2.aspmx.l.google.com,209.85.202.27,NULL,"[('25', 'tcp'), ('110', 'tcp'), ('119', 'tcp'), ('143', 'tcp'), ('465', 'tcp'), ('563', 'tcp'), ('587', 'tcp'), ('993', 'tcp'), ('995', 'tcp')]"
google.com,aspmx.l.google.com,173.194.175.27,NULL,"[('25', 'tcp'), ('110', 'tcp'), ('119', 'tcp'), ('143', 'tcp'), ('465', 'tcp'), ('563', 'tcp'), ('587', 'tcp'), ('993', 'tcp'), ('995', 'tcp')]"
google.com,alt3.aspmx.l.google.com,172.253.120.26,NULL,"[('25', 'tcp'), ('110', 'tcp'), ('119', 'tcp'), ('143', 'tcp'), ('465', 'tcp'), ('563', 'tcp'), ('587', 'tcp'), ('993', 'tcp'), ('995', 'tcp')]"
google.com,alt4.aspmx.l.google.com,172.217.218.27,NULL,"[('25', 'tcp'), ('110', 'tcp'), ('119', 'tcp'), ('143', 'tcp'), ('465', 'tcp'), ('563', 'tcp'), ('587', 'tcp'), ('993', 'tcp'), ('995', 'tcp')]"
google.com,alt2.aspmx.l.google.com,209.85.202.27,NULL,"[('25', 'tcp'), ('110', 'tcp'), ('119', 'tcp'), ('143', 'tcp'), ('465', 'tcp'), ('563', 'tcp'), ('587', 'tcp'), ('993', 'tcp'), ('995', 'tcp')]"
google.com,aspmx.l.google.com,173.194.175.27,NULL,"[('25', 'tcp'), ('110', 'tcp'), ('119', 'tcp'), ('143', 'tcp'), ('587', 'tcp'), ('993', 'tcp'), ('995', 'tcp')]"
google.com,alt1.aspmx.l.google.com,64.233.186.26,NULL,"[('25', 'tcp'), ('110', 'tcp'), ('119', 'tcp'), ('143', 'tcp'), ('465', 'tcp'), ('563', 'tcp'), ('587', 'tcp'), ('993', 'tcp'), ('995', 'tcp')]"
tmall.com,mx1.alibaba-inc.com,205.204.101.143,NULL,"[('25', 'tcp'), ('110', 'tcp'), ('119', 'tcp'), ('143', 'tcp'), ('587', 'tcp'), ('993', 'tcp'), ('995', 'tcp')]"
facebook.com,smtpin.vvv.facebook.com,69.171.251.251,NULL,"[('25', 'tcp'), ('110', 'tcp'), ('119', 'tcp'), ('143', 'tcp'), ('465', 'tcp'), ('563', 'tcp'), ('587', 'tcp'), ('993', 'tcp'), ('995', 'tcp')]"
qq.com,mx3.qq.com,203.205.219.57,NULL,"[('25', 'tcp'), ('110', 'tcp'), ('119', 'tcp'), ('143', 'tcp'), ('587', 'tcp'), ('993', 'tcp'), ('995', 'tcp')]"
qq.com,mx1.qq.com,58.251.110.111,NULL,"[('25', 'tcp'), ('110', 'tcp'), ('119', 'tcp'), ('143', 'tcp'), ('465', 'tcp'), ('563', 'tcp'), ('587', 'tcp'), ('843', 'tcp'), ('993', 'tcp'), ('995', 'tcp')]"
qq.com,mx2.qq.com,203.205.219.58,NULL,"[('25', 'tcp'), ('110', 'tcp'), ('119', 'tcp'), ('143', 'tcp'), ('465', 'tcp'), ('563', 'tcp'), ('587', 'tcp'), ('993', 'tcp'), ('995', 'tcp')]"
baidu.com,mx50.baidu.com,180.76.13.18,NULL,"[('25', 'tcp'), ('80', 'tcp'), ('110', 'tcp'), ('143', 'tcp'), ('465', 'tcp'), ('563', 'tcp'), ('587', 'tcp'), ('993', 'tcp'), ('995', 'tcp')]"
baidu.com,mx.maillb.baidu.com,12.0.243.41,NULL,"[('25', 'tcp'), ('80', 'tcp'), ('110', 'tcp'), ('119', 'tcp'), ('143', 'tcp'), ('465', 'tcp'), ('563', 'tcp'), ('587', 'tcp'), ('993', 'tcp'), ('995', 'tcp')]"
baidu.com,mx.n.shifen.com,12.0.243.41,NULL,"[('25', 'tcp'), ('80', 'tcp'), ('110', 'tcp'), ('119', 'tcp'), ('143', 'tcp'), ('465', 'tcp'), ('563', 'tcp'), ('587', 'tcp'), ('993', 'tcp'), ('995', 'tcp')]"
baidu.com,mx1.baidu.com,220.181.3.85,NULL,"[('25', 'tcp'), ('80', 'tcp'), ('110', 'tcp'), ('119', 'tcp'), ('139', 'tcp'), ('143', 'tcp'), ('465', 'tcp'), ('563', 'tcp'), ('587', 'tcp'), ('993', 'tcp'), ('995', 'tcp'), ('1114', 'tcp'), ('2005', 'tcp'), ('4343', 'tcp'), ('9099', 'tcp'), ('16000', 'tcp'), ('16012', 'tcp'), ('44442', 'tcp'), ('52869', 'tcp')]"
baidu.com,mx1.baidu.com,111.202.115.85,NULL,"[('25', 'tcp'), ('80', 'tcp'), ('110', 'tcp'), ('119', 'tcp'), ('143', 'tcp'), ('465', 'tcp'), ('563', 'tcp'), ('587', 'tcp'), ('993', 'tcp'), ('995', 'tcp')]"
baidu.com,jpmx.baidu.com,12.0.243.41,NULL,"[('25', 'tcp'), ('80', 'tcp'), ('110', 'tcp'), ('119', 'tcp'), ('143', 'tcp'), ('465', 'tcp'), ('563', 'tcp'), ('587', 'tcp'), ('993', 'tcp'), ('995', 'tcp')]"
sohu.com,sohumx.h.a.sohu.com,111.202.126.109,NULL,"[('25', 'tcp'), ('82', 'tcp'), ('110', 'tcp'), ('119', 'tcp'), ('143', 'tcp'), ('465', 'tcp'), ('563', 'tcp'), ('587', 'tcp'), ('993', 'tcp'), ('995', 'tcp')]"
sohu.com,sohumx2.sohu.com,123.125.123.35,NULL,"[('25', 'tcp'), ('110', 'tcp'), ('119', 'tcp'), ('143', 'tcp'), ('465', 'tcp'), ('563', 'tcp'), ('587', 'tcp'), ('993', 'tcp'), ('995', 'tcp')]"
sohu.com,sohumx1.sohu.com,36.110.185.79,NULL,"[('25', 'tcp'), ('80', 'tcp'), ('110', 'tcp'), ('119', 'tcp'), ('143', 'tcp'), ('465', 'tcp'), ('563', 'tcp'), ('587', 'tcp'), ('993', 'tcp'), ('995', 'tcp')]"
sohu.com,sohumx1.sohu.com,111.202.126.109,NULL,"[('25', 'tcp'), ('53', 'tcp'), ('110', 'tcp'), ('143', 'tcp'), ('587', 'tcp'), ('993', 'tcp'), ('995', 'tcp'), ('8080', 'tcp')]"
taobao.com,mx1.alibaba-inc.com,205.204.101.143,NULL,"[('25', 'tcp'), ('110', 'tcp'), ('119', 'tcp'), ('143', 'tcp'), ('465', 'tcp'), ('563', 'tcp'), ('587', 'tcp'), ('993', 'tcp'), ('995', 'tcp')]"
yahoo.com,mta7.am0.yahoodns.net,98.136.96.77,NULL,"[('25', 'tcp'), ('110', 'tcp'), ('119', 'tcp'), ('143', 'tcp'), ('563', 'tcp'), ('587', 'tcp'), ('993', 'tcp'), ('995', 'tcp')]"
yahoo.com,mta7.am0.yahoodns.net,67.195.228.94,NULL,"[('25', 'tcp'), ('110', 'tcp'), ('119', 'tcp'), ('143', 'tcp'), ('465', 'tcp'), ('563', 'tcp'), ('587', 'tcp'), ('993', 'tcp'), ('995', 'tcp')]"
yahoo.com,mta7.am0.yahoodns.net,67.195.204.79,NULL,"[('25', 'tcp'), ('110', 'tcp'), ('143', 'tcp'), ('563', 'tcp'), ('587', 'tcp'), ('993', 'tcp'), ('995', 'tcp')]"
yahoo.com,mta7.am0.yahoodns.net,67.195.228.106,NULL,[]
yahoo.com,mta7.am0.yahoodns.net,67.195.228.111,NULL,[]
yahoo.com,mta7.am0.yahoodns.net,98.136.96.75,NULL,[]
yahoo.com,mta7.am0.yahoodns.net,98.136.96.74,NULL,[]
yahoo.com,mta7.am0.yahoodns.net,98.136.96.91,NULL,[]
yahoo.com,mta5.am0.yahoodns.net,67.195.204.79,NULL,"[('25', 'tcp'), ('110', 'tcp'), ('119', 'tcp'), ('143', 'tcp'), ('465', 'tcp'), ('563', 'tcp'), ('587', 'tcp'), ('993', 'tcp'), ('995', 'tcp')]"
yahoo.com,mta5.am0.yahoodns.net,67.195.228.106,NULL,"[('25', 'tcp'), ('110', 'tcp'), ('119', 'tcp'), ('143', 'tcp'), ('587', 'tcp'), ('993', 'tcp'), ('995', 'tcp')]"
yahoo.com,mta5.am0.yahoodns.net,67.195.204.73,NULL,"[('25', 'tcp'), ('110', 'tcp'), ('119', 'tcp'), ('143', 'tcp'), ('465', 'tcp'), ('563', 'tcp'), ('587', 'tcp'), ('993', 'tcp'), ('995', 'tcp')]"
yahoo.com,mta5.am0.yahoodns.net,67.195.204.72,NULL,"[('25', 'tcp'), ('110', 'tcp'), ('119', 'tcp'), ('143', 'tcp'), ('587', 'tcp'), ('993', 'tcp'), ('995', 'tcp')]"
yahoo.com,mta5.am0.yahoodns.net,98.136.96.77,NULL,"[('25', 'tcp'), ('110', 'tcp'), ('119', 'tcp'), ('143', 'tcp'), ('465', 'tcp'), ('587', 'tcp'), ('993', 'tcp'), ('995', 'tcp')]"
yahoo.com,mta5.am0.yahoodns.net,67.195.228.110,NULL,"[('25', 'tcp'), ('110', 'tcp'), ('119', 'tcp'), ('143', 'tcp'), ('587', 'tcp'), ('993', 'tcp'), ('995', 'tcp')]"
yahoo.com,mta5.am0.yahoodns.net,98.136.96.74,NULL,"[('25', 'tcp'), ('110', 'tcp'), ('119', 'tcp'), ('143', 'tcp'), ('563', 'tcp'), ('587', 'tcp'), ('993', 'tcp'), ('995', 'tcp')]"
yahoo.com,mta5.am0.yahoodns.net,98.136.96.75,NULL,"[('25', 'tcp'), ('110', 'tcp'), ('119', 'tcp'), ('143', 'tcp'), ('587', 'tcp'), ('993', 'tcp'), ('995', 'tcp')]"
yahoo.com,mta6.am0.yahoodns.net,67.195.228.94,NULL,"[('25', 'tcp'), ('110', 'tcp'), ('119', 'tcp'), ('143', 'tcp'), ('563', 'tcp'), ('587', 'tcp'), ('993', 'tcp'), ('995', 'tcp')]"
yahoo.com,mta6.am0.yahoodns.net,98.136.96.76,NULL,"[('25', 'tcp'), ('110', 'tcp'), ('119', 'tcp'), ('143', 'tcp'), ('465', 'tcp'), ('563', 'tcp'), ('587', 'tcp'), ('993', 'tcp'), ('995', 'tcp')]"
yahoo.com,mta6.am0.yahoodns.net,67.195.204.79,NULL,"[('25', 'tcp'), ('110', 'tcp'), ('143', 'tcp'), ('587', 'tcp'), ('993', 'tcp'), ('995', 'tcp')]"
yahoo.com,mta6.am0.yahoodns.net,67.195.228.109,NULL,[]
yahoo.com,mta6.am0.yahoodns.net,98.136.96.91,NULL,"[('25', 'tcp'), ('110', 'tcp'), ('119', 'tcp'), ('143', 'tcp'), ('563', 'tcp'), ('587', 'tcp'), ('993', 'tcp'), ('995', 'tcp')]"
yahoo.com,mta6.am0.yahoodns.net,67.195.204.74,NULL,"[('25', 'tcp'), ('110', 'tcp'), ('143', 'tcp'), ('465', 'tcp'), ('587', 'tcp'), ('993', 'tcp'), ('995', 'tcp')]"
yahoo.com,mta6.am0.yahoodns.net,67.195.228.106,NULL,"[('25', 'tcp'), ('110', 'tcp'), ('119', 'tcp'), ('143', 'tcp'), ('465', 'tcp'), ('563', 'tcp'), ('587', 'tcp'), ('993', 'tcp'), ('995', 'tcp')]"
yahoo.com,mta6.am0.yahoodns.net,67.195.204.77,NULL,"[('25', 'tcp'), ('110', 'tcp'), ('119', 'tcp'), ('143', 'tcp'), ('587', 'tcp'), ('993', 'tcp'), ('995', 'tcp')]"
jd.com,mx.jd.com,59.151.64.74,NULL,"[('25', 'tcp'), ('110', 'tcp'), ('119', 'tcp'), ('143', 'tcp'), ('465', 'tcp'), ('563', 'tcp'), ('587', 'tcp'), ('993', 'tcp'), ('995', 'tcp')]"
360.cn,mx3.qihoo.net,111.206.53.46,NULL,"[('25', 'tcp'), ('110', 'tcp'), ('119', 'tcp'), ('143', 'tcp'), ('587', 'tcp'), ('993', 'tcp'), ('995', 'tcp')]"
360.cn,mx2.qihoo.net,36.110.232.45,NULL,"[('25', 'tcp'), ('110', 'tcp'), ('119', 'tcp'), ('143', 'tcp'), ('465', 'tcp'), ('563', 'tcp'), ('587', 'tcp'), ('993', 'tcp'), ('995', 'tcp')]"
360.cn,mx1.qihoo.net,36.110.232.43,NULL,"[('25', 'tcp'), ('110', 'tcp'), ('119', 'tcp'), ('143', 'tcp'), ('563', 'tcp'), ('587', 'tcp'), ('993', 'tcp'), ('995', 'tcp')]"
wikipedia.org,mx2001.wikimedia.org,208.80.153.45,NULL,"[('25', 'tcp'), ('110', 'tcp'), ('119', 'tcp'), ('143', 'tcp'), ('563', 'tcp'), ('587', 'tcp'), ('993', 'tcp'), ('995', 'tcp')]"
wikipedia.org,mx1001.wikimedia.org,208.80.154.76,NULL,"[('25', 'tcp'), ('110', 'tcp'), ('143', 'tcp'), ('587', 'tcp'), ('993', 'tcp'), ('995', 'tcp')]"
amazon.com,amazon-smtp.amazon.com,207.171.188.200,NULL,"[('25', 'tcp'), ('110', 'tcp'), ('119', 'tcp'), ('143', 'tcp'), ('465', 'tcp'), ('563', 'tcp'), ('587', 'tcp'), ('993', 'tcp'), ('995', 'tcp')]"
amazon.com,amazon-smtp.amazon.com,52.94.124.7,NULL,"[('25', 'tcp'), ('110', 'tcp'), ('143', 'tcp'), ('587', 'tcp'), ('993', 'tcp'), ('995', 'tcp')]"
amazon.com,amazon-smtp.amazon.com,207.171.188.202,NULL,[]
weibo.com,mx.sina.net,36.51.254.76,NULL,"[('25', 'tcp'), ('110', 'tcp'), ('119', 'tcp'), ('143', 'tcp'), ('465', 'tcp'), ('563', 'tcp'), ('587', 'tcp'), ('993', 'tcp'), ('995', 'tcp')]"
sina.com.cn,freemx3.sinamail.sina.com.cn,123.126.45.192,NULL,"[('25', 'tcp'), ('110', 'tcp'), ('119', 'tcp'), ('143', 'tcp'), ('563', 'tcp'), ('587', 'tcp'), ('993', 'tcp'), ('995', 'tcp')]"
sina.com.cn,freemx2.sinamail.sina.com.cn,121.14.32.117,NULL,"[('25', 'tcp'), ('110', 'tcp'), ('119', 'tcp'), ('143', 'tcp'), ('465', 'tcp'), ('563', 'tcp'), ('587', 'tcp'), ('993', 'tcp'), ('995', 'tcp')]"
sina.com.cn,freemx1.sinamail.sina.com.cn,39.156.6.104,NULL,"[('25', 'tcp'), ('110', 'tcp'), ('119', 'tcp'), ('143', 'tcp'), ('465', 'tcp'), ('587', 'tcp'), ('993', 'tcp'), ('995', 'tcp')]"
live.com,live-com.olc.protection.outlook.com,104.47.58.161,NULL,"[('25', 'tcp'), ('110', 'tcp'), ('143', 'tcp'), ('465', 'tcp'), ('563', 'tcp'), ('587', 'tcp'), ('993', 'tcp'), ('995', 'tcp')]"
live.com,live-com.olc.protection.outlook.com,104.47.57.161,NULL,"[('25', 'tcp'), ('110', 'tcp'), ('119', 'tcp'), ('143', 'tcp'), ('563', 'tcp'), ('587', 'tcp'), ('993', 'tcp'), ('995', 'tcp')]"
reddit.com,aspmx2.googlemail.com,64.233.186.27,NULL,"[('25', 'tcp'), ('110', 'tcp'), ('119', 'tcp'), ('143', 'tcp'), ('465', 'tcp'), ('587', 'tcp'), ('993', 'tcp'), ('995', 'tcp')]"
reddit.com,aspmx3.googlemail.com,209.85.202.26,NULL,"[('25', 'tcp'), ('110', 'tcp'), ('119', 'tcp'), ('143', 'tcp'), ('465', 'tcp'), ('587', 'tcp'), ('993', 'tcp'), ('995', 'tcp')]"
reddit.com,alt1.aspmx.l.google.com,64.233.186.26,NULL,"[('25', 'tcp'), ('110', 'tcp'), ('119', 'tcp'), ('143', 'tcp'), ('465', 'tcp'), ('587', 'tcp'), ('993', 'tcp'), ('995', 'tcp')]"
reddit.com,aspmx.l.google.com,172.217.197.26,NULL,"[('25', 'tcp'), ('110', 'tcp'), ('119', 'tcp'), ('143', 'tcp'), ('563', 'tcp'), ('587', 'tcp'), ('993', 'tcp'), ('995', 'tcp')]"
bongacams.com,ALT2.ASPMX.L.GOOGLE.com,209.85.202.27,NULL,"[('25', 'tcp'), ('110', 'tcp'), ('119', 'tcp'), ('143', 'tcp'), ('465', 'tcp'), ('563', 'tcp'), ('587', 'tcp'), ('993', 'tcp'), ('995', 'tcp')]"
bongacams.com,ASPMX3.GOOGLEMAIL.com,209.85.202.26,NULL,"[('25', 'tcp'), ('110', 'tcp'), ('119', 'tcp'), ('143', 'tcp'), ('465', 'tcp'), ('563', 'tcp'), ('587', 'tcp'), ('993', 'tcp'), ('995', 'tcp')]"
bongacams.com,ALT1.ASPMX.L.GOOGLE.com,64.233.186.26,NULL,"[('25', 'tcp'), ('110', 'tcp'), ('119', 'tcp'), ('143', 'tcp'), ('465', 'tcp'), ('563', 'tcp'), ('587', 'tcp'), ('993', 'tcp'), ('995', 'tcp')]"
bongacams.com,ASPMX.L.GOOGLE.com,172.217.197.26,NULL,"[('25', 'tcp'), ('110', 'tcp'), ('119', 'tcp'), ('143', 'tcp'), ('465', 'tcp'), ('563', 'tcp'), ('587', 'tcp'), ('993', 'tcp'), ('995', 'tcp')]"
bongacams.com,ASPMX2.GOOGLEMAIL.com,64.233.186.27,NULL,"[('25', 'tcp'), ('110', 'tcp'), ('119', 'tcp'), ('143', 'tcp'), ('563', 'tcp'), ('587', 'tcp'), ('993', 'tcp'), ('995', 'tcp')]"
vk.com,mx.vk.com,87.240.169.121,NULL,"[('25', 'tcp'), ('80', 'tcp'), ('110', 'tcp'), ('119', 'tcp'), ('143', 'tcp'), ('443', 'tcp'), ('465', 'tcp'), ('563', 'tcp'), ('587', 'tcp'), ('993', 'tcp'), ('995', 'tcp')]"
vk.com,mx2.vk.com,87.240.177.217,NULL,"[('25', 'tcp'), ('110', 'tcp'), ('119', 'tcp'), ('465', 'tcp'), ('563', 'tcp'), ('587', 'tcp')]"
okezone.com,mail.okezone.com,202.147.199.235,NULL,"[('25', 'tcp'), ('110', 'tcp'), ('119', 'tcp'), ('143', 'tcp'), ('465', 'tcp'), ('563', 'tcp'), ('587', 'tcp'), ('993', 'tcp'), ('995', 'tcp')]"
netflix.com,aspmx3.googlemail.com,209.85.202.26,NULL,"[('25', 'tcp'), ('110', 'tcp'), ('119', 'tcp'), ('143', 'tcp'), ('587', 'tcp'), ('993', 'tcp'), ('995', 'tcp')]"
netflix.com,alt2.aspmx.l.google.com,209.85.202.27,NULL,"[('25', 'tcp'), ('110', 'tcp'), ('119', 'tcp'), ('143', 'tcp'), ('465', 'tcp'), ('563', 'tcp'), ('587', 'tcp'), ('993', 'tcp'), ('995', 'tcp')]"
netflix.com,aspmx.l.google.com,172.217.197.26,NULL,"[('25', 'tcp'), ('110', 'tcp'), ('119', 'tcp'), ('143', 'tcp'), ('587', 'tcp'), ('993', 'tcp'), ('995', 'tcp')]"
netflix.com,alt1.aspmx.l.google.com,64.233.186.26,NULL,"[('25', 'tcp'), ('110', 'tcp'), ('119', 'tcp'), ('143', 'tcp'), ('465', 'tcp'), ('563', 'tcp'), ('587', 'tcp'), ('993', 'tcp'), ('995', 'tcp')]"
yahoo.co.jp,mx2.mail.yahoo.co.jp,183.79.16.117,NULL,"[('25', 'tcp'), ('110', 'tcp'), ('143', 'tcp'), ('465', 'tcp'), ('587', 'tcp'), ('993', 'tcp'), ('995', 'tcp')]"
yahoo.co.jp,mx2.mail.yahoo.co.jp,182.22.12.117,NULL,"[('25', 'tcp'), ('110', 'tcp'), ('119', 'tcp'), ('143', 'tcp'), ('465', 'tcp'), ('563', 'tcp'), ('587', 'tcp'), ('993', 'tcp'), ('995', 'tcp')]"
yahoo.co.jp,mx2.mail.yahoo.co.jp,182.22.12.113,NULL,"[('25', 'tcp'), ('110', 'tcp'), ('113', 'tcp'), ('119', 'tcp'), ('143', 'tcp'), ('465', 'tcp'), ('563', 'tcp'), ('587', 'tcp'), ('993', 'tcp'), ('995', 'tcp')]"
yahoo.co.jp,mx2.mail.yahoo.co.jp,183.79.16.116,NULL,"[('25', 'tcp'), ('110', 'tcp'), ('119', 'tcp'), ('143', 'tcp'), ('465', 'tcp'), ('563', 'tcp'), ('587', 'tcp'), ('993', 'tcp'), ('995', 'tcp')]"
yahoo.co.jp,mx2.mail.yahoo.co.jp,182.22.12.116,NULL,"[('25', 'tcp'), ('110', 'tcp'), ('119', 'tcp'), ('143', 'tcp'), ('465', 'tcp'), ('563', 'tcp'), ('587', 'tcp'), ('993', 'tcp'), ('995', 'tcp')]"
yahoo.co.jp,mx2.mail.yahoo.co.jp,183.79.16.113,NULL,"[('25', 'tcp'), ('110', 'tcp'), ('143', 'tcp'), ('465', 'tcp'), ('563', 'tcp'), ('587', 'tcp'), ('993', 'tcp'), ('995', 'tcp')]"
yahoo.co.jp,mx5.mail.yahoo.co.jp,183.79.16.247,NULL,"[('25', 'tcp'), ('110', 'tcp'), ('143', 'tcp'), ('465', 'tcp'), ('587', 'tcp'), ('993', 'tcp'), ('995', 'tcp')]"
yahoo.co.jp,mx5.mail.yahoo.co.jp,182.22.12.246,NULL,"[('25', 'tcp'), ('110', 'tcp'), ('119', 'tcp'), ('143', 'tcp'), ('465', 'tcp'), ('587', 'tcp'), ('993', 'tcp'), ('995', 'tcp')]"
yahoo.co.jp,mx5.mail.yahoo.co.jp,182.22.12.243,NULL,"[('25', 'tcp'), ('110', 'tcp'), ('119', 'tcp'), ('143', 'tcp'), ('465', 'tcp'), ('587', 'tcp'), ('993', 'tcp'), ('995', 'tcp')]"
yahoo.co.jp,mx5.mail.yahoo.co.jp,182.22.12.247,NULL,[]
yahoo.co.jp,mx5.mail.yahoo.co.jp,183.79.16.246,NULL,"[('25', 'tcp'), ('110', 'tcp'), ('143', 'tcp'), ('587', 'tcp'), ('993', 'tcp'), ('995', 'tcp')]"
yahoo.co.jp,mx5.mail.yahoo.co.jp,183.79.16.244,NULL,"[('25', 'tcp'), ('110', 'tcp'), ('113', 'tcp'), ('119', 'tcp'), ('143', 'tcp'), ('465', 'tcp'), ('563', 'tcp'), ('587', 'tcp'), ('993', 'tcp'), ('995', 'tcp')]"
yahoo.co.jp,mx1.mail.yahoo.co.jp,182.22.12.119,NULL,"[('25', 'tcp'), ('110', 'tcp'), ('119', 'tcp'), ('143', 'tcp'), ('563', 'tcp'), ('587', 'tcp'), ('993', 'tcp'), ('995', 'tcp')]"
yahoo.co.jp,mx1.mail.yahoo.co.jp,183.79.16.118,NULL,"[('25', 'tcp'), ('110', 'tcp'), ('119', 'tcp'), ('143', 'tcp'), ('465', 'tcp'), ('563', 'tcp'), ('587', 'tcp'), ('993', 'tcp'), ('995', 'tcp')]"
yahoo.co.jp,mx1.mail.yahoo.co.jp,183.79.16.114,NULL,[]
yahoo.co.jp,mx1.mail.yahoo.co.jp,182.22.12.114,NULL,[]
yahoo.co.jp,mx1.mail.yahoo.co.jp,182.22.12.118,NULL,[]
yahoo.co.jp,mx1.mail.yahoo.co.jp,183.79.16.119,NULL,[]
yahoo.co.jp,mx3.mail.yahoo.co.jp,183.79.16.243,NULL,"[('25', 'tcp'), ('110', 'tcp'), ('119', 'tcp'), ('143', 'tcp'), ('465', 'tcp'), ('587', 'tcp'), ('993', 'tcp'), ('995', 'tcp')]"
yahoo.co.jp,mx3.mail.yahoo.co.jp,183.79.16.249,NULL,"[('25', 'tcp'), ('110', 'tcp'), ('143', 'tcp'), ('465', 'tcp'), ('563', 'tcp'), ('587', 'tcp'), ('993', 'tcp'), ('995', 'tcp')]"
yahoo.co.jp,mx3.mail.yahoo.co.jp,182.22.12.249,NULL,"[('25', 'tcp'), ('110', 'tcp'), ('143', 'tcp'), ('465', 'tcp'), ('563', 'tcp'), ('587', 'tcp'), ('993', 'tcp'), ('995', 'tcp')]"
yahoo.co.jp,mx3.mail.yahoo.co.jp,182.22.12.248,NULL,"[('25', 'tcp'), ('110', 'tcp'), ('143', 'tcp'), ('465', 'tcp'), ('563', 'tcp'), ('587', 'tcp'), ('993', 'tcp'), ('995', 'tcp')]"
yahoo.co.jp,mx3.mail.yahoo.co.jp,183.79.16.248,NULL,"[('25', 'tcp'), ('110', 'tcp'), ('119', 'tcp'), ('143', 'tcp'), ('465', 'tcp'), ('587', 'tcp'), ('993', 'tcp'), ('995', 'tcp')]"
yahoo.co.jp,mx3.mail.yahoo.co.jp,182.22.12.244,NULL,"[('25', 'tcp'), ('110', 'tcp'), ('119', 'tcp'), ('143', 'tcp'), ('465', 'tcp'), ('563', 'tcp'), ('587', 'tcp'), ('993', 'tcp'), ('995', 'tcp')]"
livejasmin.com,livejasmin-com.mail.protection.outlook.com,104.47.10.36,NULL,"[('25', 'tcp'), ('110', 'tcp'), ('119', 'tcp'), ('143', 'tcp'), ('465', 'tcp'), ('563', 'tcp'), ('587', 'tcp'), ('993', 'tcp'), ('995', 'tcp')]"
livejasmin.com,livejasmin-com.mail.protection.outlook.com,104.47.9.36,NULL,"[('25', 'tcp'), ('110', 'tcp'), ('119', 'tcp'), ('143', 'tcp'), ('465', 'tcp'), ('563', 'tcp'), ('587', 'tcp'), ('993', 'tcp'), ('995', 'tcp')]"
csdn.net,mxbiz1.qq.com,203.205.232.191,NULL,"[('25', 'tcp'), ('110', 'tcp'), ('119', 'tcp'), ('143', 'tcp'), ('443', 'tcp'), ('465', 'tcp'), ('563', 'tcp'), ('587', 'tcp'), ('843', 'tcp'), ('993', 'tcp'), ('995', 'tcp')]"
csdn.net,mxbiz2.qq.com,61.241.49.98,NULL,"[('25', 'tcp'), ('110', 'tcp'), ('119', 'tcp'), ('143', 'tcp'), ('465', 'tcp'), ('563', 'tcp'), ('587', 'tcp'), ('843', 'tcp'), ('993', 'tcp'), ('995', 'tcp')]"
csdn.net,mxbiz2.qq.com,163.177.89.176,NULL,"[('25', 'tcp'), ('80', 'tcp'), ('110', 'tcp'), ('119', 'tcp'), ('143', 'tcp'), ('443', 'tcp'), ('465', 'tcp'), ('563', 'tcp'), ('587', 'tcp'), ('843', 'tcp'), ('993', 'tcp'), ('995', 'tcp')]"
instagram.com,mxa-00082601.gslb.pphosted.com,67.231.145.42,NULL,"[('25', 'tcp'), ('110', 'tcp'), ('119', 'tcp'), ('143', 'tcp'), ('587', 'tcp'), ('993', 'tcp'), ('995', 'tcp'), ('10000', 'tcp')]"
instagram.com,mxb-00082601.gslb.pphosted.com,67.231.145.42,NULL,"[('25', 'tcp'), ('110', 'tcp'), ('119', 'tcp'), ('143', 'tcp'), ('563', 'tcp'), ('587', 'tcp'), ('993', 'tcp'), ('995', 'tcp')]"
alipay.com,mx1.alibaba-inc.com,205.204.101.143,NULL,"[('25', 'tcp'), ('110', 'tcp'), ('119', 'tcp'), ('143', 'tcp'), ('563', 'tcp'), ('587', 'tcp'), ('993', 'tcp'), ('995', 'tcp')]"
bing.com,bing-com.mail.protection.outlook.com,104.47.54.36,NULL,"[('25', 'tcp'), ('110', 'tcp'), ('119', 'tcp'), ('143', 'tcp'), ('465', 'tcp'), ('587', 'tcp'), ('993', 'tcp'), ('995', 'tcp')]"
panda.tv,mx.zoho.com.cn,163.53.93.28,NULL,"[('25', 'tcp'), ('110', 'tcp'), ('119', 'tcp'), ('143', 'tcp'), ('465', 'tcp'), ('563', 'tcp'), ('587', 'tcp'), ('993', 'tcp'), ('995', 'tcp')]"
panda.tv,mx2.zoho.com.cn,163.53.93.28,NULL,"[('25', 'tcp'), ('110', 'tcp'), ('113', 'tcp'), ('119', 'tcp'), ('143', 'tcp'), ('563', 'tcp'), ('587', 'tcp'), ('993', 'tcp'), ('995', 'tcp')]"
google.com.hk,alt3.aspmx.l.google.com,172.253.120.26,NULL,"[('25', 'tcp'), ('110', 'tcp'), ('119', 'tcp'), ('143', 'tcp'), ('465', 'tcp'), ('563', 'tcp'), ('587', 'tcp'), ('993', 'tcp'), ('995', 'tcp')]"
google.com.hk,alt1.aspmx.l.google.com,64.233.186.27,NULL,"[('25', 'tcp'), ('110', 'tcp'), ('119', 'tcp'), ('143', 'tcp'), ('465', 'tcp'), ('587', 'tcp'), ('993', 'tcp'), ('995', 'tcp')]"
google.com.hk,alt2.aspmx.l.google.com,209.85.202.27,NULL,"[('25', 'tcp'), ('110', 'tcp'), ('119', 'tcp'), ('143', 'tcp'), ('465', 'tcp'), ('563', 'tcp'), ('587', 'tcp'), ('993', 'tcp'), ('995', 'tcp')]"
google.com.hk,aspmx.l.google.com,209.85.144.26,NULL,"[('25', 'tcp'), ('110', 'tcp'), ('119', 'tcp'), ('143', 'tcp'), ('465', 'tcp'), ('563', 'tcp'), ('587', 'tcp'), ('993', 'tcp'), ('995', 'tcp')]"
google.com.hk,alt4.aspmx.l.google.com,172.217.218.26,NULL,"[('25', 'tcp'), ('110', 'tcp'), ('143', 'tcp'), ('465', 'tcp'), ('563', 'tcp'), ('587', 'tcp'), ('993', 'tcp'), ('995', 'tcp')]"
microsoft.com,microsoft-com.mail.protection.outlook.com,104.47.53.36,NULL,"[('25', 'tcp'), ('110', 'tcp'), ('119', 'tcp'), ('143', 'tcp'), ('465', 'tcp'), ('563', 'tcp'), ('587', 'tcp'), ('993', 'tcp'), ('995', 'tcp')]"
naver.com,mx2.naver.com,125.209.238.137,NULL,"[('25', 'tcp'), ('110', 'tcp'), ('143', 'tcp'), ('465', 'tcp'), ('563', 'tcp'), ('587', 'tcp'), ('993', 'tcp'), ('995', 'tcp')]"
naver.com,mx1.naver.com,125.209.238.100,NULL,"[('25', 'tcp'), ('110', 'tcp'), ('119', 'tcp'), ('143', 'tcp'), ('465', 'tcp'), ('563', 'tcp'), ('587', 'tcp'), ('993', 'tcp'), ('995', 'tcp')]"
naver.com,mx3.naver.com,125.209.222.14,NULL,"[('25', 'tcp'), ('110', 'tcp'), ('119', 'tcp'), ('143', 'tcp'), ('465', 'tcp'), ('563', 'tcp'), ('587', 'tcp'), ('993', 'tcp'), ('995', 'tcp'), ('10000', 'tcp'), ('10001', 'tcp'), ('10002', 'tcp'), ('10010', 'tcp'), ('10012', 'tcp'), ('10025', 'tcp'), ('10566', 'tcp'), ('10628', 'tcp')]"
twitch.tv,alt2.aspmx.l.google.com,209.85.202.27,NULL,"[('25', 'tcp'), ('110', 'tcp'), ('119', 'tcp'), ('143', 'tcp'), ('465', 'tcp'), ('563', 'tcp'), ('587', 'tcp'), ('993', 'tcp'), ('995', 'tcp')]"
twitch.tv,aspmx2.googlemail.com,64.233.186.26,NULL,"[('25', 'tcp'), ('110', 'tcp'), ('119', 'tcp'), ('143', 'tcp'), ('465', 'tcp'), ('563', 'tcp'), ('587', 'tcp'), ('993', 'tcp'), ('995', 'tcp')]"
twitch.tv,alt1.aspmx.l.google.com,64.233.186.27,NULL,"[('25', 'tcp'), ('110', 'tcp'), ('119', 'tcp'), ('143', 'tcp'), ('465', 'tcp'), ('563', 'tcp'), ('587', 'tcp'), ('993', 'tcp'), ('995', 'tcp')]"
twitch.tv,aspmx3.googlemail.com,209.85.202.26,NULL,"[('25', 'tcp'), ('110', 'tcp'), ('119', 'tcp'), ('143', 'tcp'), ('563', 'tcp'), ('587', 'tcp'), ('993', 'tcp'), ('995', 'tcp')]"
twitch.tv,aspmx.l.google.com,209.85.144.26,NULL,"[('25', 'tcp'), ('110', 'tcp'), ('119', 'tcp'), ('143', 'tcp'), ('465', 'tcp'), ('563', 'tcp'), ('587', 'tcp'), ('993', 'tcp'), ('995', 'tcp')]"
stackoverflow.com,aspmx.l.google.com,209.85.144.26,NULL,"[('25', 'tcp'), ('110', 'tcp'), ('119', 'tcp'), ('143', 'tcp'), ('563', 'tcp'), ('587', 'tcp'), ('993', 'tcp'), ('995', 'tcp')]"
stackoverflow.com,alt2.aspmx.l.google.com,209.85.202.27,NULL,"[('25', 'tcp'), ('110', 'tcp'), ('119', 'tcp'), ('143', 'tcp'), ('465', 'tcp'), ('563', 'tcp'), ('587', 'tcp'), ('993', 'tcp'), ('995', 'tcp')]"
stackoverflow.com,alt4.aspmx.l.google.com,172.217.218.26,NULL,"[('25', 'tcp'), ('110', 'tcp'), ('119', 'tcp'), ('143', 'tcp'), ('465', 'tcp'), ('563', 'tcp'), ('587', 'tcp'), ('993', 'tcp'), ('995', 'tcp')]"
stackoverflow.com,alt1.aspmx.l.google.com,64.233.186.27,NULL,"[('25', 'tcp'), ('110', 'tcp'), ('119', 'tcp'), ('143', 'tcp'), ('465', 'tcp'), ('563', 'tcp'), ('587', 'tcp'), ('993', 'tcp'), ('995', 'tcp')]"
stackoverflow.com,alt3.aspmx.l.google.com,172.253.120.26,NULL,"[('119', 'tcp'), ('465', 'tcp'), ('563', 'tcp')]"
aliexpress.com,mx2.mail.aliyun.com,140.205.94.14,NULL,"[('25', 'tcp'), ('110', 'tcp'), ('143', 'tcp'), ('465', 'tcp'), ('563', 'tcp'), ('587', 'tcp'), ('993', 'tcp'), ('995', 'tcp')]"
china.com.cn,eqmanager2.china.org.cn,210.72.21.22,NULL,"[('25', 'tcp'), ('110', 'tcp'), ('119', 'tcp'), ('143', 'tcp'), ('465', 'tcp'), ('563', 'tcp'), ('587', 'tcp'), ('993', 'tcp'), ('995', 'tcp')]"
china.com.cn,eqmanager1.china.org.cn,210.72.21.21,NULL,"[('25', 'tcp'), ('110', 'tcp'), ('119', 'tcp'), ('143', 'tcp'), ('465', 'tcp'), ('563', 'tcp'), ('587', 'tcp'), ('993', 'tcp'), ('995', 'tcp')]"
tribunnews.com,mail.tribunnews.com,113.11.255.38,NULL,"[('21', 'tcp'), ('22', 'tcp'), ('25', 'tcp'), ('80', 'tcp'), ('110', 'tcp'), ('111', 'tcp'), ('119', 'tcp'), ('143', 'tcp'), ('443', 'tcp'), ('465', 'tcp'), ('563', 'tcp'), ('587', 'tcp'), ('873', 'tcp'), ('993', 'tcp'), ('995', 'tcp'), ('1010', 'tcp'), ('3306', 'tcp')]"
google.co.in,alt1.aspmx.l.google.com,64.233.186.27,NULL,"[('25', 'tcp'), ('110', 'tcp'), ('119', 'tcp'), ('143', 'tcp'), ('465', 'tcp'), ('563', 'tcp'), ('587', 'tcp'), ('993', 'tcp'), ('995', 'tcp')]"
google.co.in,alt3.aspmx.l.google.com,172.253.120.26,NULL,"[('25', 'tcp'), ('110', 'tcp'), ('119', 'tcp'), ('143', 'tcp'), ('465', 'tcp'), ('563', 'tcp'), ('587', 'tcp'), ('993', 'tcp'), ('995', 'tcp')]"
google.co.in,aspmx.l.google.com,173.194.206.27,NULL,"[('25', 'tcp'), ('110', 'tcp'), ('119', 'tcp'), ('143', 'tcp'), ('465', 'tcp'), ('563', 'tcp'), ('587', 'tcp'), ('993', 'tcp'), ('995', 'tcp')]"
google.co.in,alt4.aspmx.l.google.com,172.217.218.26,NULL,"[('25', 'tcp'), ('110', 'tcp'), ('119', 'tcp'), ('143', 'tcp'), ('465', 'tcp'), ('563', 'tcp'), ('587', 'tcp'), ('993', 'tcp'), ('995', 'tcp')]"
google.co.in,alt2.aspmx.l.google.com,209.85.202.27,NULL,"[('25', 'tcp'), ('110', 'tcp'), ('119', 'tcp'), ('143', 'tcp'), ('465', 'tcp'), ('563', 'tcp'), ('587', 'tcp'), ('993', 'tcp'), ('995', 'tcp')]"
microsoftonline.com,mail.global.frontbridge.com,104.47.47.36,NULL,"[('25', 'tcp'), ('110', 'tcp'), ('143', 'tcp'), ('465', 'tcp'), ('563', 'tcp'), ('587', 'tcp'), ('993', 'tcp'), ('995', 'tcp')]"
twitter.com,aspmx2.googlemail.com,64.233.186.26,NULL,"[('25', 'tcp'), ('110', 'tcp'), ('119', 'tcp'), ('143', 'tcp'), ('465', 'tcp'), ('587', 'tcp'), ('993', 'tcp'), ('995', 'tcp')]"
twitter.com,alt1.aspmx.l.google.com,64.233.186.27,NULL,"[('25', 'tcp'), ('110', 'tcp'), ('143', 'tcp'), ('465', 'tcp'), ('563', 'tcp'), ('587', 'tcp'), ('993', 'tcp'), ('995', 'tcp')]"
twitter.com,aspmx.l.google.com,173.194.206.27,NULL,"[('25', 'tcp'), ('110', 'tcp'), ('119', 'tcp'), ('143', 'tcp'), ('563', 'tcp'), ('587', 'tcp'), ('993', 'tcp'), ('995', 'tcp')]"
twitter.com,aspmx3.googlemail.com,209.85.202.26,NULL,"[('25', 'tcp'), ('110', 'tcp'), ('119', 'tcp'), ('143', 'tcp'), ('465', 'tcp'), ('563', 'tcp'), ('587', 'tcp'), ('993', 'tcp'), ('995', 'tcp')]"
twitter.com,alt2.aspmx.l.google.com,209.85.202.27,NULL,"[('25', 'tcp'), ('110', 'tcp'), ('119', 'tcp'), ('143', 'tcp'), ('465', 'tcp'), ('563', 'tcp'), ('587', 'tcp'), ('993', 'tcp'), ('995', 'tcp')]"
tianya.cn,mxbiz2.qq.com,163.177.89.176,NULL,"[('25', 'tcp'), ('80', 'tcp'), ('110', 'tcp'), ('119', 'tcp'), ('143', 'tcp'), ('443', 'tcp'), ('465', 'tcp'), ('563', 'tcp'), ('587', 'tcp'), ('843', 'tcp'), ('993', 'tcp'), ('995', 'tcp')]"
tianya.cn,mxbiz2.qq.com,61.241.49.98,NULL,"[('25', 'tcp'), ('110', 'tcp'), ('119', 'tcp'), ('143', 'tcp'), ('465', 'tcp'), ('563', 'tcp'), ('587', 'tcp'), ('843', 'tcp'), ('993', 'tcp'), ('995', 'tcp')]"
tianya.cn,mxbiz1.qq.com,203.205.232.191,NULL,"[('25', 'tcp'), ('110', 'tcp'), ('119', 'tcp'), ('143', 'tcp'), ('443', 'tcp'), ('465', 'tcp'), ('563', 'tcp'), ('587', 'tcp'), ('843', 'tcp'), ('993', 'tcp'), ('995', 'tcp')]"
ebay.com,mx2.hc2186-24.iphmx.com,216.71.152.175,NULL,"[('25', 'tcp'), ('110', 'tcp'), ('143', 'tcp'), ('587', 'tcp'), ('993', 'tcp'), ('995', 'tcp')]"
ebay.com,mx2.hc2186-24.iphmx.com,216.71.155.88,NULL,"[('25', 'tcp'), ('110', 'tcp'), ('119', 'tcp'), ('143', 'tcp'), ('465', 'tcp'), ('563', 'tcp'), ('587', 'tcp'), ('993', 'tcp'), ('995', 'tcp')]"
ebay.com,mx2.hc2186-24.iphmx.com,68.232.148.128,NULL,"[('25', 'tcp'), ('110', 'tcp'), ('119', 'tcp'), ('143', 'tcp'), ('587', 'tcp'), ('993', 'tcp'), ('995', 'tcp')]"
ebay.com,mx2.hc2186-24.iphmx.com,68.232.131.183,NULL,"[('25', 'tcp'), ('110', 'tcp'), ('143', 'tcp'), ('465', 'tcp'), ('563', 'tcp'), ('587', 'tcp'), ('993', 'tcp'), ('995', 'tcp')]"
ebay.com,mx2.hc2186-24.iphmx.com,68.232.143.44,NULL,"[('25', 'tcp'), ('110', 'tcp'), ('119', 'tcp'), ('143', 'tcp'), ('465', 'tcp'), ('563', 'tcp'), ('587', 'tcp'), ('993', 'tcp'), ('995', 'tcp')]"
ebay.com,mx2.hc2186-24.iphmx.com,68.232.131.164,NULL,"[('25', 'tcp'), ('110', 'tcp'), ('119', 'tcp'), ('143', 'tcp'), ('465', 'tcp'), ('587', 'tcp'), ('993', 'tcp'), ('995', 'tcp')]"
ebay.com,mx2.hc2186-24.iphmx.com,68.232.131.172,NULL,"[('25', 'tcp'), ('110', 'tcp'), ('119', 'tcp'), ('143', 'tcp'), ('465', 'tcp'), ('563', 'tcp'), ('587', 'tcp'), ('993', 'tcp'), ('995', 'tcp')]"
ebay.com,mx2.hc2186-24.iphmx.com,216.71.152.207,NULL,[]
ebay.com,mx2.hc2186-24.iphmx.com,216.71.155.89,NULL,[]
ebay.com,mx2.hc2186-24.iphmx.com,68.232.148.56,NULL,[]
ebay.com,mx1.hc2186-24.iphmx.com,68.232.131.183,NULL,"[('25', 'tcp'), ('110', 'tcp'), ('143', 'tcp'), ('587', 'tcp'), ('993', 'tcp'), ('995', 'tcp')]"
ebay.com,mx1.hc2186-24.iphmx.com,68.232.143.44,NULL,"[('25', 'tcp'), ('110', 'tcp'), ('119', 'tcp'), ('143', 'tcp'), ('465', 'tcp'), ('563', 'tcp'), ('587', 'tcp'), ('993', 'tcp'), ('995', 'tcp')]"
ebay.com,mx1.hc2186-24.iphmx.com,68.232.131.164,NULL,"[('25', 'tcp'), ('110', 'tcp'), ('119', 'tcp'), ('143', 'tcp'), ('465', 'tcp'), ('563', 'tcp'), ('587', 'tcp'), ('993', 'tcp'), ('995', 'tcp')]"
ebay.com,mx1.hc2186-24.iphmx.com,216.71.152.207,NULL,"[('25', 'tcp'), ('110', 'tcp'), ('143', 'tcp'), ('465', 'tcp'), ('563', 'tcp'), ('587', 'tcp'), ('993', 'tcp'), ('995', 'tcp')]"
ebay.com,mx1.hc2186-24.iphmx.com,68.232.148.56,NULL,"[('25', 'tcp'), ('110', 'tcp'), ('119', 'tcp'), ('143', 'tcp'), ('465', 'tcp'), ('563', 'tcp'), ('587', 'tcp'), ('993', 'tcp'), ('995', 'tcp')]"
ebay.com,mx1.hc2186-24.iphmx.com,216.71.152.175,NULL,[]
ebay.com,mx1.hc2186-24.iphmx.com,68.232.131.172,NULL,"[('25', 'tcp'), ('110', 'tcp'), ('119', 'tcp'), ('143', 'tcp'), ('465', 'tcp'), ('563', 'tcp'), ('587', 'tcp'), ('993', 'tcp'), ('995', 'tcp')]"
ebay.com,mx1.hc2186-24.iphmx.com,216.71.155.89,NULL,"[('25', 'tcp'), ('110', 'tcp'), ('119', 'tcp'), ('143', 'tcp'), ('465', 'tcp'), ('563', 'tcp'), ('587', 'tcp'), ('993', 'tcp'), ('995', 'tcp')]"
ebay.com,mx1.hc2186-24.iphmx.com,68.232.148.128,NULL,"[('25', 'tcp'), ('110', 'tcp'), ('143', 'tcp'), ('563', 'tcp'), ('587', 'tcp'), ('993', 'tcp'), ('995', 'tcp')]"
ebay.com,mx1.hc2186-24.iphmx.com,216.71.155.88,NULL,"[('25', 'tcp'), ('110', 'tcp'), ('119', 'tcp'), ('143', 'tcp'), ('465', 'tcp'), ('563', 'tcp'), ('587', 'tcp'), ('993', 'tcp'), ('995', 'tcp')]"
amazon.co.jp,amazon-smtp.amazon.com,207.171.188.180,NULL,"[('25', 'tcp'), ('110', 'tcp'), ('119', 'tcp'), ('143', 'tcp'), ('465', 'tcp'), ('587', 'tcp'), ('993', 'tcp'), ('995', 'tcp')]"
amazon.co.jp,amazon-smtp.amazon.com,52.119.213.148,NULL,"[('25', 'tcp'), ('110', 'tcp'), ('119', 'tcp'), ('143', 'tcp'), ('465', 'tcp'), ('563', 'tcp'), ('587', 'tcp'), ('993', 'tcp'), ('995', 'tcp')]"
amazon.co.jp,amazon-smtp.amazon.com,207.171.188.182,NULL,"[('25', 'tcp'), ('110', 'tcp'), ('119', 'tcp'), ('143', 'tcp'), ('465', 'tcp'), ('563', 'tcp'), ('587', 'tcp'), ('993', 'tcp'), ('995', 'tcp')]"
msn.com,msn-com.olc.protection.outlook.com,104.47.6.33,NULL,"[('25', 'tcp'), ('110', 'tcp'), ('119', 'tcp'), ('143', 'tcp'), ('465', 'tcp'), ('563', 'tcp'), ('587', 'tcp'), ('993', 'tcp'), ('995', 'tcp')]"
msn.com,msn-com.olc.protection.outlook.com,104.47.4.33,NULL,[]
ok.ru,mx2.es.mail.ru,188.93.58.122,NULL,"[('25', 'tcp'), ('110', 'tcp'), ('119', 'tcp'), ('143', 'tcp'), ('465', 'tcp'), ('563', 'tcp'), ('587', 'tcp'), ('993', 'tcp'), ('995', 'tcp')]"
ok.ru,mx1.es.mail.ru,188.93.58.121,NULL,"[('25', 'tcp'), ('110', 'tcp'), ('119', 'tcp'), ('143', 'tcp'), ('587', 'tcp'), ('993', 'tcp'), ('995', 'tcp')]"
yandex.ru,mx.yandex.ru,87.250.250.89,NULL,"[('25', 'tcp'), ('110', 'tcp'), ('119', 'tcp'), ('143', 'tcp'), ('465', 'tcp'), ('563', 'tcp'), ('587', 'tcp'), ('993', 'tcp'), ('995', 'tcp')]"
yandex.ru,mx.yandex.ru,213.180.204.89,NULL,"[('25', 'tcp'), ('110', 'tcp'), ('119', 'tcp'), ('143', 'tcp'), ('587', 'tcp'), ('993', 'tcp'), ('995', 'tcp')]"
yandex.ru,mx.yandex.ru,77.88.21.89,NULL,"[('25', 'tcp'), ('110', 'tcp'), ('119', 'tcp'), ('143', 'tcp'), ('465', 'tcp'), ('563', 'tcp'), ('587', 'tcp'), ('993', 'tcp'), ('995', 'tcp')]"
yandex.ru,mx.yandex.ru,213.180.193.89,NULL,"[('25', 'tcp'), ('110', 'tcp'), ('119', 'tcp'), ('143', 'tcp'), ('465', 'tcp'), ('563', 'tcp'), ('587', 'tcp'), ('993', 'tcp'), ('995', 'tcp')]"
yandex.ru,mx.yandex.ru,93.158.134.89,NULL,"[('25', 'tcp'), ('110', 'tcp'), ('119', 'tcp'), ('143', 'tcp'), ('587', 'tcp'), ('993', 'tcp'), ('995', 'tcp')]"
pornhub.com,mxb-002a0701.gslb.pphosted.com,67.231.158.156,NULL,"[('25', 'tcp'), ('110', 'tcp'), ('119', 'tcp'), ('143', 'tcp'), ('465', 'tcp'), ('563', 'tcp'), ('587', 'tcp'), ('993', 'tcp'), ('995', 'tcp')]"
pornhub.com,mxa-002a0701.gslb.pphosted.com,67.231.158.156,NULL,"[('25', 'tcp'), ('110', 'tcp'), ('119', 'tcp'), ('143', 'tcp'), ('465', 'tcp'), ('563', 'tcp'), ('587', 'tcp'), ('993', 'tcp'), ('995', 'tcp')]"
amazon.in,amazon-smtp.amazon.com,52.94.124.7,NULL,"[('25', 'tcp'), ('110', 'tcp'), ('119', 'tcp'), ('143', 'tcp'), ('465', 'tcp'), ('563', 'tcp'), ('587', 'tcp'), ('993', 'tcp'), ('995', 'tcp')]"
amazon.in,amazon-smtp.amazon.com,207.171.188.4,NULL,"[('25', 'tcp'), ('110', 'tcp'), ('143', 'tcp'), ('587', 'tcp'), ('993', 'tcp'), ('995', 'tcp')]"
amazon.in,amazon-smtp.amazon.com,52.94.124.8,NULL,"[('25', 'tcp'), ('110', 'tcp'), ('119', 'tcp'), ('143', 'tcp'), ('465', 'tcp'), ('563', 'tcp'), ('587', 'tcp'), ('993', 'tcp'), ('995', 'tcp')]"
apple.com,ma1-aaemail-dr-lapp03.apple.com,17.171.2.72,NULL,"[('25', 'tcp'), ('110', 'tcp'), ('119', 'tcp'), ('143', 'tcp'), ('465', 'tcp'), ('563', 'tcp'), ('587', 'tcp'), ('993', 'tcp'), ('995', 'tcp')]"
apple.com,ma1-aaemail-dr-lapp01.apple.com,17.171.2.60,NULL,"[('25', 'tcp'), ('110', 'tcp'), ('119', 'tcp'), ('143', 'tcp'), ('465', 'tcp'), ('563', 'tcp'), ('587', 'tcp'), ('993', 'tcp'), ('995', 'tcp')]"
apple.com,nwk-aaemail-lapp01.apple.com,17.151.62.66,NULL,"[('25', 'tcp'), ('110', 'tcp'), ('119', 'tcp'), ('143', 'tcp'), ('465', 'tcp'), ('563', 'tcp'), ('587', 'tcp'), ('993', 'tcp'), ('995', 'tcp')]"
apple.com,nwk-aaemail-lapp02.apple.com,17.151.62.67,NULL,"[('25', 'tcp'), ('110', 'tcp'), ('119', 'tcp'), ('143', 'tcp'), ('563', 'tcp'), ('587', 'tcp'), ('993', 'tcp'), ('995', 'tcp')]"
apple.com,nwk-aaemail-lapp03.apple.com,17.151.62.68,NULL,"[('25', 'tcp'), ('110', 'tcp'), ('119', 'tcp'), ('143', 'tcp'), ('465', 'tcp'), ('563', 'tcp'), ('587', 'tcp'), ('993', 'tcp'), ('995', 'tcp')]"
mama.cn,mxbiz1.qq.com,203.205.232.191,NULL,"[('110', 'tcp'), ('143', 'tcp'), ('843', 'tcp'), ('995', 'tcp')]"
mama.cn,mxbiz2.qq.com,61.241.49.98,NULL,"[('25', 'tcp'), ('110', 'tcp'), ('119', 'tcp'), ('143', 'tcp'), ('465', 'tcp'), ('563', 'tcp'), ('587', 'tcp'), ('843', 'tcp'), ('993', 'tcp'), ('995', 'tcp')]"
mama.cn,mxbiz2.qq.com,163.177.89.176,NULL,"[('25', 'tcp'), ('80', 'tcp'), ('110', 'tcp'), ('119', 'tcp'), ('143', 'tcp'), ('443', 'tcp'), ('465', 'tcp'), ('563', 'tcp'), ('587', 'tcp'), ('843', 'tcp'), ('993', 'tcp'), ('995', 'tcp')]"
adobe.com,adobe-com.mail.protection.outlook.com,104.47.44.36,NULL,"[('25', 'tcp'), ('110', 'tcp'), ('119', 'tcp'), ('143', 'tcp'), ('465', 'tcp'), ('563', 'tcp'), ('587', 'tcp'), ('993', 'tcp'), ('995', 'tcp')]"
adobe.com,adobe-com.mail.protection.outlook.com,104.47.45.36,NULL,"[('25', 'tcp'), ('110', 'tcp'), ('119', 'tcp'), ('143', 'tcp'), ('465', 'tcp'), ('563', 'tcp'), ('587', 'tcp'), ('993', 'tcp'), ('995', 'tcp')]"
adobe.com,adobe.mail.protection.outlook.com,104.47.45.36,NULL,"[('25', 'tcp'), ('110', 'tcp'), ('119', 'tcp'), ('143', 'tcp'), ('465', 'tcp'), ('563', 'tcp'), ('587', 'tcp'), ('993', 'tcp'), ('995', 'tcp')]"
adobe.com,adobe.mail.protection.outlook.com,104.47.46.36,NULL,"[('25', 'tcp'), ('110', 'tcp'), ('119', 'tcp'), ('143', 'tcp'), ('563', 'tcp'), ('587', 'tcp'), ('993', 'tcp'), ('995', 'tcp')]"
dropbox.com,aspmx2.googlemail.com,64.233.186.27,NULL,"[('25', 'tcp'), ('110', 'tcp'), ('119', 'tcp'), ('143', 'tcp'), ('465', 'tcp'), ('563', 'tcp'), ('587', 'tcp'), ('993', 'tcp'), ('995', 'tcp')]"
dropbox.com,alt2.aspmx.l.google.com,209.85.202.27,NULL,"[('25', 'tcp'), ('110', 'tcp'), ('119', 'tcp'), ('143', 'tcp'), ('563', 'tcp'), ('587', 'tcp'), ('993', 'tcp'), ('995', 'tcp')]"
dropbox.com,aspmx3.googlemail.com,209.85.202.27,NULL,"[('25', 'tcp'), ('110', 'tcp'), ('119', 'tcp'), ('143', 'tcp'), ('465', 'tcp'), ('563', 'tcp'), ('587', 'tcp'), ('993', 'tcp'), ('995', 'tcp')]"
dropbox.com,alt1.aspmx.l.google.com,64.233.186.26,NULL,"[('25', 'tcp'), ('110', 'tcp'), ('143', 'tcp'), ('587', 'tcp'), ('993', 'tcp'), ('995', 'tcp')]"
dropbox.com,aspmx.l.google.com,173.194.207.27,NULL,"[('25', 'tcp'), ('110', 'tcp'), ('143', 'tcp'), ('465', 'tcp'), ('563', 'tcp'), ('587', 'tcp'), ('993', 'tcp'), ('995', 'tcp')]"
mail.ru,mxs.mail.ru,94.100.180.104,NULL,"[('25', 'tcp'), ('110', 'tcp'), ('143', 'tcp'), ('465', 'tcp'), ('563', 'tcp'), ('587', 'tcp'), ('993', 'tcp'), ('995', 'tcp')]"
mail.ru,mxs.mail.ru,94.100.180.31,NULL,"[('25', 'tcp'), ('110', 'tcp'), ('119', 'tcp'), ('143', 'tcp'), ('465', 'tcp'), ('563', 'tcp'), ('587', 'tcp'), ('993', 'tcp'), ('995', 'tcp')]"
huanqiu.com,mxbiz2.qq.com,61.241.49.98,NULL,"[('25', 'tcp'), ('110', 'tcp'), ('119', 'tcp'), ('143', 'tcp'), ('465', 'tcp'), ('563', 'tcp'), ('587', 'tcp'), ('843', 'tcp'), ('993', 'tcp'), ('995', 'tcp')]"
huanqiu.com,mxbiz2.qq.com,163.177.89.176,NULL,"[('25', 'tcp'), ('110', 'tcp'), ('143', 'tcp'), ('587', 'tcp'), ('993', 'tcp'), ('995', 'tcp')]"
huanqiu.com,mxbiz1.qq.com,203.205.232.191,NULL,"[('25', 'tcp'), ('110', 'tcp'), ('119', 'tcp'), ('143', 'tcp'), ('443', 'tcp'), ('465', 'tcp'), ('563', 'tcp'), ('587', 'tcp'), ('843', 'tcp'), ('993', 'tcp'), ('995', 'tcp')]"
wordpress.com,mail.automattic.com,192.0.64.46,NULL,"[('25', 'tcp'), ('110', 'tcp'), ('119', 'tcp'), ('143', 'tcp'), ('465', 'tcp'), ('563', 'tcp'), ('587', 'tcp'), ('993', 'tcp'), ('995', 'tcp')]"
soso.com,mxbiz1.qq.com,203.205.232.191,NULL,"[('25', 'tcp'), ('110', 'tcp'), ('119', 'tcp'), ('143', 'tcp'), ('443', 'tcp'), ('465', 'tcp'), ('563', 'tcp'), ('587', 'tcp'), ('843', 'tcp'), ('993', 'tcp'), ('995', 'tcp')]"
soso.com,mxbiz2.qq.com,61.241.49.98,NULL,"[('25', 'tcp'), ('110', 'tcp'), ('119', 'tcp'), ('143', 'tcp'), ('465', 'tcp'), ('563', 'tcp'), ('587', 'tcp'), ('843', 'tcp'), ('993', 'tcp'), ('995', 'tcp')]"
soso.com,mxbiz2.qq.com,163.177.89.176,NULL,"[('25', 'tcp'), ('80', 'tcp'), ('110', 'tcp'), ('119', 'tcp'), ('143', 'tcp'), ('443', 'tcp'), ('465', 'tcp'), ('587', 'tcp'), ('843', 'tcp'), ('993', 'tcp'), ('995', 'tcp')]"
imdb.com,amazon-smtp.amazon.com,52.94.124.9,NULL,"[('25', 'tcp'), ('110', 'tcp'), ('143', 'tcp'), ('465', 'tcp'), ('587', 'tcp'), ('993', 'tcp'), ('995', 'tcp')]"
imdb.com,amazon-smtp.amazon.com,52.94.124.10,NULL,"[('25', 'tcp'), ('110', 'tcp'), ('119', 'tcp'), ('143', 'tcp'), ('465', 'tcp'), ('587', 'tcp'), ('993', 'tcp'), ('995', 'tcp')]"
imdb.com,amazon-smtp.amazon.com,207.171.188.180,NULL,"[('25', 'tcp'), ('110', 'tcp'), ('143', 'tcp'), ('465', 'tcp'), ('563', 'tcp'), ('587', 'tcp'), ('993', 'tcp'), ('995', 'tcp')]"
google.com.br,alt3.aspmx.l.google.com,172.253.120.27,NULL,"[('25', 'tcp'), ('110', 'tcp'), ('143', 'tcp'), ('465', 'tcp'), ('587', 'tcp'), ('993', 'tcp'), ('995', 'tcp')]"
google.com.br,alt2.aspmx.l.google.com,209.85.202.26,NULL,"[('25', 'tcp'), ('110', 'tcp'), ('143', 'tcp'), ('587', 'tcp'), ('993', 'tcp'), ('995', 'tcp')]"
google.com.br,alt1.aspmx.l.google.com,64.233.186.27,NULL,"[('25', 'tcp'), ('110', 'tcp'), ('143', 'tcp'), ('563', 'tcp'), ('587', 'tcp'), ('993', 'tcp'), ('995', 'tcp')]"
google.com.br,aspmx.l.google.com,209.85.144.27,NULL,"[('25', 'tcp'), ('110', 'tcp'), ('119', 'tcp'), ('143', 'tcp'), ('465', 'tcp'), ('563', 'tcp'), ('587', 'tcp'), ('993', 'tcp'), ('995', 'tcp')]"
google.com.br,alt4.aspmx.l.google.com,172.217.218.26,NULL,"[('25', 'tcp'), ('110', 'tcp'), ('119', 'tcp'), ('143', 'tcp'), ('465', 'tcp'), ('587', 'tcp'), ('993', 'tcp'), ('995', 'tcp')]"
google.co.jp,alt3.aspmx.l.google.com,172.253.120.27,NULL,"[('25', 'tcp'), ('110', 'tcp'), ('119', 'tcp'), ('143', 'tcp'), ('465', 'tcp'), ('563', 'tcp'), ('587', 'tcp'), ('993', 'tcp'), ('995', 'tcp')]"
google.co.jp,aspmx.l.google.com,209.85.144.27,NULL,"[('25', 'tcp'), ('110', 'tcp'), ('119', 'tcp'), ('143', 'tcp'), ('563', 'tcp'), ('587', 'tcp'), ('993', 'tcp'), ('995', 'tcp')]"
google.co.jp,alt1.aspmx.l.google.com,64.233.186.27,NULL,"[('25', 'tcp'), ('110', 'tcp'), ('465', 'tcp'), ('587', 'tcp'), ('993', 'tcp'), ('995', 'tcp')]"
google.co.jp,alt2.aspmx.l.google.com,209.85.202.26,NULL,"[('25', 'tcp'), ('110', 'tcp'), ('119', 'tcp'), ('143', 'tcp'), ('465', 'tcp'), ('563', 'tcp'), ('587', 'tcp'), ('993', 'tcp'), ('995', 'tcp')]"
google.co.jp,alt4.aspmx.l.google.com,172.217.218.26,NULL,"[('25', 'tcp'), ('110', 'tcp'), ('143', 'tcp'), ('587', 'tcp'), ('993', 'tcp'), ('995', 'tcp')]"
bbc.com,cluster8a.eu.messagelabs.com,18.184.51.246,NULL,"[('25', 'tcp'), ('110', 'tcp'), ('119', 'tcp'), ('143', 'tcp'), ('465', 'tcp'), ('563', 'tcp'), ('587', 'tcp'), ('993', 'tcp'), ('995', 'tcp')]"
bbc.com,cluster8a.eu.messagelabs.com,35.157.226.170,NULL,[]
bbc.com,cluster8a.eu.messagelabs.com,18.197.132.224,NULL,[]
trello.com,aspmx3.googlemail.com,209.85.202.26,NULL,"[('25', 'tcp'), ('110', 'tcp'), ('119', 'tcp'), ('143', 'tcp'), ('465', 'tcp'), ('587', 'tcp'), ('993', 'tcp'), ('995', 'tcp')]"
trello.com,alt1.aspmx.l.google.com,64.233.186.27,NULL,"[('25', 'tcp'), ('110', 'tcp'), ('143', 'tcp'), ('465', 'tcp'), ('587', 'tcp'), ('993', 'tcp'), ('995', 'tcp')]"
trello.com,alt2.aspmx.l.google.com,209.85.202.26,NULL,"[('25', 'tcp'), ('110', 'tcp'), ('119', 'tcp'), ('143', 'tcp'), ('465', 'tcp'), ('563', 'tcp'), ('587', 'tcp'), ('993', 'tcp'), ('995', 'tcp')]"
trello.com,aspmx.l.google.com,209.85.144.27,NULL,"[('25', 'tcp'), ('110', 'tcp'), ('143', 'tcp'), ('587', 'tcp'), ('993', 'tcp'), ('995', 'tcp')]"
trello.com,aspmx2.googlemail.com,64.233.186.27,NULL,"[('25', 'tcp'), ('110', 'tcp'), ('119', 'tcp'), ('143', 'tcp'), ('465', 'tcp'), ('563', 'tcp'), ('587', 'tcp'), ('993', 'tcp'), ('995', 'tcp')]"
17ok.com,mail.17ok.com,120.133.14.6,NULL,"[('22', 'tcp'), ('25', 'tcp'), ('80', 'tcp'), ('110', 'tcp'), ('119', 'tcp'), ('143', 'tcp'), ('563', 'tcp'), ('587', 'tcp'), ('993', 'tcp'), ('995', 'tcp'), ('3306', 'tcp')]"
cnn.com,mxb-00241e02.gslb.pphosted.com,205.220.160.51,NULL,"[('25', 'tcp'), ('110', 'tcp'), ('119', 'tcp'), ('143', 'tcp'), ('465', 'tcp'), ('563', 'tcp'), ('587', 'tcp'), ('993', 'tcp'), ('995', 'tcp'), ('10000', 'tcp'), ('10001', 'tcp')]"
cnn.com,mxa-00241e02.gslb.pphosted.com,205.220.172.51,NULL,"[('25', 'tcp'), ('110', 'tcp'), ('119', 'tcp'), ('143', 'tcp'), ('465', 'tcp'), ('587', 'tcp'), ('993', 'tcp'), ('995', 'tcp')]"
aparat.com,mail.aparat.com,79.127.50.16,NULL,"[('25', 'tcp'), ('110', 'tcp'), ('119', 'tcp'), ('143', 'tcp'), ('465', 'tcp'), ('563', 'tcp'), ('587', 'tcp'), ('993', 'tcp'), ('995', 'tcp'), ('3000', 'tcp'), ('3001', 'tcp'), ('49155', 'tcp')]"
yy.com,mail.yy.com,129.227.133.35,NULL,"[('119', 'tcp'), ('443', 'tcp'), ('993', 'tcp'), ('995', 'tcp')]"
medium.com,aspmx.l.google.com,209.85.144.27,NULL,"[('25', 'tcp'), ('110', 'tcp'), ('143', 'tcp'), ('465', 'tcp'), ('563', 'tcp'), ('587', 'tcp'), ('993', 'tcp'), ('995', 'tcp')]"
medium.com,alt2.aspmx.l.google.com,209.85.202.27,NULL,"[('25', 'tcp'), ('110', 'tcp'), ('119', 'tcp'), ('143', 'tcp'), ('465', 'tcp'), ('587', 'tcp'), ('993', 'tcp'), ('995', 'tcp')]"
medium.com,aspmx2.googlemail.com,64.233.186.27,NULL,"[('25', 'tcp'), ('110', 'tcp'), ('119', 'tcp'), ('143', 'tcp'), ('587', 'tcp'), ('993', 'tcp'), ('995', 'tcp')]"
medium.com,alt1.aspmx.l.google.com,64.233.186.26,NULL,"[('25', 'tcp'), ('110', 'tcp'), ('119', 'tcp'), ('143', 'tcp'), ('563', 'tcp'), ('587', 'tcp'), ('993', 'tcp'), ('995', 'tcp')]"
spotify.com,ASPMX4.GOOGLEMAIL.com,172.253.120.27,NULL,"[('25', 'tcp'), ('110', 'tcp'), ('119', 'tcp'), ('143', 'tcp'), ('465', 'tcp'), ('587', 'tcp'), ('993', 'tcp'), ('995', 'tcp')]"
spotify.com,ASPMX3.GOOGLEMAIL.com,209.85.202.26,NULL,"[('25', 'tcp'), ('110', 'tcp'), ('119', 'tcp'), ('143', 'tcp'), ('563', 'tcp'), ('587', 'tcp'), ('993', 'tcp'), ('995', 'tcp')]"
spotify.com,ASPMX2.GOOGLEMAIL.com,64.233.186.27,NULL,"[('25', 'tcp'), ('110', 'tcp'), ('143', 'tcp'), ('587', 'tcp'), ('993', 'tcp'), ('995', 'tcp')]"
spotify.com,ASPMX.L.GOOGLE.com,172.217.197.27,NULL,"[('25', 'tcp'), ('110', 'tcp'), ('119', 'tcp'), ('143', 'tcp'), ('465', 'tcp'), ('563', 'tcp'), ('587', 'tcp'), ('993', 'tcp'), ('995', 'tcp')]"
spotify.com,ASPMX5.GOOGLEMAIL.com,172.217.218.27,NULL,"[('25', 'tcp'), ('110', 'tcp'), ('119', 'tcp'), ('143', 'tcp'), ('563', 'tcp'), ('587', 'tcp'), ('993', 'tcp'), ('995', 'tcp')]"
spotify.com,ALT2.ASPMX.L.GOOGLE.com,209.85.202.27,NULL,"[('25', 'tcp'), ('110', 'tcp'), ('119', 'tcp'), ('143', 'tcp'), ('465', 'tcp'), ('563', 'tcp'), ('587', 'tcp'), ('993', 'tcp'), ('995', 'tcp')]"
spotify.com,ALT1.ASPMX.L.GOOGLE.com,64.233.186.26,NULL,"[('25', 'tcp'), ('110', 'tcp'), ('143', 'tcp'), ('465', 'tcp'), ('587', 'tcp'), ('993', 'tcp'), ('995', 'tcp')]"
xvideos.com,aspmx5.googlemail.com,172.217.218.27,NULL,"[('25', 'tcp'), ('110', 'tcp'), ('119', 'tcp'), ('143', 'tcp'), ('563', 'tcp'), ('587', 'tcp'), ('993', 'tcp'), ('995', 'tcp')]"
xvideos.com,alt1.aspmx.l.google.com,64.233.186.26,NULL,"[('25', 'tcp'), ('110', 'tcp'), ('143', 'tcp'), ('563', 'tcp'), ('587', 'tcp'), ('993', 'tcp'), ('995', 'tcp')]"
xvideos.com,aspmx4.googlemail.com,172.253.120.27,NULL,"[('25', 'tcp'), ('110', 'tcp'), ('119', 'tcp'), ('143', 'tcp'), ('465', 'tcp'), ('563', 'tcp'), ('587', 'tcp'), ('993', 'tcp'), ('995', 'tcp')]"
xvideos.com,alt2.aspmx.l.google.com,209.85.202.27,NULL,"[('25', 'tcp'), ('110', 'tcp'), ('119', 'tcp'), ('143', 'tcp'), ('465', 'tcp'), ('587', 'tcp'), ('993', 'tcp'), ('995', 'tcp')]"
xvideos.com,aspmx3.googlemail.com,209.85.202.26,NULL,"[('25', 'tcp'), ('110', 'tcp'), ('119', 'tcp'), ('143', 'tcp'), ('465', 'tcp'), ('563', 'tcp'), ('587', 'tcp'), ('993', 'tcp'), ('995', 'tcp')]"
xvideos.com,aspmx.l.google.com,172.217.197.27,NULL,"[('25', 'tcp'), ('110', 'tcp'), ('143', 'tcp'), ('465', 'tcp'), ('563', 'tcp'), ('587', 'tcp'), ('993', 'tcp'), ('995', 'tcp')]"
booking.com,mxb-0032a201.gslb.pphosted.com,185.183.29.154,NULL,"[('25', 'tcp'), ('110', 'tcp'), ('119', 'tcp'), ('143', 'tcp'), ('465', 'tcp'), ('563', 'tcp'), ('587', 'tcp'), ('993', 'tcp'), ('995', 'tcp')]"
booking.com,mxa-0032a201.gslb.pphosted.com,185.183.29.154,NULL,"[('25', 'tcp'), ('110', 'tcp'), ('119', 'tcp'), ('143', 'tcp'), ('465', 'tcp'), ('563', 'tcp'), ('587', 'tcp'), ('993', 'tcp'), ('995', 'tcp')]"
detik.com,ASPMX3.GOOGLEMAIL.com,209.85.202.26,NULL,"[('25', 'tcp'), ('110', 'tcp'), ('119', 'tcp'), ('143', 'tcp'), ('465', 'tcp'), ('563', 'tcp'), ('587', 'tcp'), ('993', 'tcp'), ('995', 'tcp')]"
detik.com,ASPMX.L.GOOGLE.com,172.217.197.27,NULL,"[('25', 'tcp'), ('110', 'tcp'), ('119', 'tcp'), ('143', 'tcp'), ('465', 'tcp'), ('587', 'tcp'), ('993', 'tcp'), ('995', 'tcp')]"
detik.com,ASPMX2.GOOGLEMAIL.com,64.233.186.27,NULL,"[('25', 'tcp'), ('110', 'tcp'), ('119', 'tcp'), ('143', 'tcp'), ('465', 'tcp'), ('563', 'tcp'), ('587', 'tcp'), ('993', 'tcp'), ('995', 'tcp')]"
detik.com,ASPMX4.GOOGLEMAIL.com,172.253.120.27,NULL,"[('25', 'tcp'), ('110', 'tcp'), ('119', 'tcp'), ('143', 'tcp'), ('465', 'tcp'), ('563', 'tcp'), ('587', 'tcp'), ('993', 'tcp'), ('995', 'tcp')]"
detik.com,ALT1.ASPMX.L.GOOGLE.com,64.233.186.26,NULL,"[('25', 'tcp'), ('110', 'tcp'), ('119', 'tcp'), ('143', 'tcp'), ('587', 'tcp'), ('993', 'tcp'), ('995', 'tcp')]"
detik.com,ALT2.ASPMX.L.GOOGLE.com,209.85.202.27,NULL,"[('25', 'tcp'), ('110', 'tcp'), ('119', 'tcp'), ('143', 'tcp'), ('465', 'tcp'), ('563', 'tcp'), ('587', 'tcp'), ('993', 'tcp'), ('995', 'tcp')]"
sindonews.com,aspmx.l.google.com,172.217.197.27,NULL,"[('25', 'tcp'), ('110', 'tcp'), ('119', 'tcp'), ('143', 'tcp'), ('465', 'tcp'), ('563', 'tcp'), ('587', 'tcp'), ('993', 'tcp'), ('995', 'tcp')]"
sindonews.com,alt3.aspmx.l.google.com,172.253.120.26,NULL,"[('25', 'tcp'), ('110', 'tcp'), ('119', 'tcp'), ('143', 'tcp'), ('465', 'tcp'), ('563', 'tcp'), ('587', 'tcp'), ('993', 'tcp'), ('995', 'tcp')]"
sindonews.com,alt2.aspmx.l.google.com,209.85.202.27,NULL,"[('25', 'tcp'), ('110', 'tcp'), ('119', 'tcp'), ('143', 'tcp'), ('465', 'tcp'), ('563', 'tcp'), ('587', 'tcp'), ('993', 'tcp'), ('995', 'tcp')]"
sindonews.com,alt4.aspmx.l.google.com,172.217.218.27,NULL,"[('25', 'tcp'), ('110', 'tcp'), ('119', 'tcp'), ('143', 'tcp'), ('465', 'tcp'), ('587', 'tcp'), ('993', 'tcp'), ('995', 'tcp')]"
sindonews.com,pjg63ibmfekslktpcwt24movowjd7fasuf7embxp75qc26z3c3oq.mx-verification.google.com,63ibmfekslktpcwt24movowjd7fasuf7embxp75qc26z3c3oq.mx-verification.google.com not found: 3(NXDOMAIN),NULL,[]
sindonews.com,alt1.aspmx.l.google.com,64.233.186.27,NULL,"[('25', 'tcp'), ('110', 'tcp'), ('119', 'tcp'), ('143', 'tcp'), ('465', 'tcp'), ('563', 'tcp'), ('587', 'tcp'), ('993', 'tcp'), ('995', 'tcp')]"
nytimes.com,ASPMX3.GOOGLEMAIL.COM,209.85.202.26,NULL,"[('25', 'tcp'), ('110', 'tcp'), ('143', 'tcp'), ('465', 'tcp'), ('563', 'tcp'), ('587', 'tcp'), ('993', 'tcp'), ('995', 'tcp')]"
nytimes.com,ALT2.ASPMX.L.GOOGLE.COM,209.85.202.27,NULL,"[('25', 'tcp'), ('110', 'tcp'), ('119', 'tcp'), ('143', 'tcp'), ('465', 'tcp'), ('587', 'tcp'), ('993', 'tcp'), ('995', 'tcp')]"
nytimes.com,ALT1.ASPMX.L.GOOGLE.COM,64.233.186.27,NULL,"[('25', 'tcp'), ('110', 'tcp'), ('143', 'tcp'), ('465', 'tcp'), ('587', 'tcp'), ('993', 'tcp'), ('995', 'tcp')]"
nytimes.com,ASPMX.L.GOOGLE.COM,173.194.66.27,NULL,"[('25', 'tcp'), ('110', 'tcp'), ('119', 'tcp'), ('143', 'tcp'), ('465', 'tcp'), ('563', 'tcp'), ('587', 'tcp'), ('993', 'tcp'), ('995', 'tcp')]"
nytimes.com,ASPMX2.GOOGLEMAIL.COM,64.233.186.27,NULL,"[('25', 'tcp'), ('110', 'tcp'), ('119', 'tcp'), ('143', 'tcp'), ('465', 'tcp'), ('563', 'tcp'), ('587', 'tcp'), ('993', 'tcp'), ('995', 'tcp')]"
amazonaws.com,amazon-smtp.amazon.com,207.171.188.4,NULL,"[('25', 'tcp'), ('110', 'tcp'), ('143', 'tcp'), ('465', 'tcp'), ('563', 'tcp'), ('587', 'tcp'), ('993', 'tcp'), ('995', 'tcp')]"
amazonaws.com,amazon-smtp.amazon.com,52.94.124.9,NULL,"[('25', 'tcp'), ('110', 'tcp'), ('119', 'tcp'), ('143', 'tcp'), ('465', 'tcp'), ('587', 'tcp'), ('993', 'tcp'), ('995', 'tcp')]"
amazonaws.com,amazon-smtp.amazon.com,52.94.124.10,NULL,[]
bilibili.com,n89-xyz.mail.protection.partner.outlook.cn,42.159.161.202,NULL,"[('25', 'tcp'), ('110', 'tcp'), ('143', 'tcp'), ('465', 'tcp'), ('563', 'tcp'), ('587', 'tcp'), ('993', 'tcp'), ('995', 'tcp')]"
bilibili.com,n89-xyz.mail.protection.partner.outlook.cn,42.159.33.202,NULL,"[('25', 'tcp'), ('110', 'tcp'), ('119', 'tcp'), ('143', 'tcp'), ('465', 'tcp'), ('563', 'tcp'), ('587', 'tcp'), ('993', 'tcp'), ('995', 'tcp')]"
bilibili.com,bilibili-com.mail.protection.partner.outlook.cn,42.159.33.202,NULL,"[('25', 'tcp'), ('110', 'tcp'), ('119', 'tcp'), ('143', 'tcp'), ('587', 'tcp'), ('993', 'tcp'), ('995', 'tcp')]"
bilibili.com,bilibili-com.mail.protection.partner.outlook.cn,42.159.161.202,NULL,"[('25', 'tcp'), ('110', 'tcp'), ('143', 'tcp'), ('563', 'tcp'), ('587', 'tcp'), ('993', 'tcp'), ('995', 'tcp')]"
sogou.com,mx.sogou.com,61.135.130.249,NULL,"[('25', 'tcp'), ('110', 'tcp'), ('119', 'tcp'), ('143', 'tcp'), ('563', 'tcp'), ('587', 'tcp'), ('993', 'tcp'), ('995', 'tcp')]"
ettoday.net,ns1.ettoday.net,219.85.79.134,NULL,"[('25', 'tcp'), ('53', 'tcp'), ('110', 'tcp'), ('119', 'tcp'), ('143', 'tcp'), ('443', 'tcp'), ('465', 'tcp'), ('563', 'tcp'), ('587', 'tcp'), ('993', 'tcp'), ('995', 'tcp')]"
ettoday.net,jp1-aspmx2.worksmobile.com,203.104.170.27,NULL,"[('25', 'tcp'), ('110', 'tcp'), ('119', 'tcp'), ('143', 'tcp'), ('465', 'tcp'), ('563', 'tcp'), ('587', 'tcp'), ('993', 'tcp'), ('995', 'tcp')]"
ettoday.net,relay.ettoday.net,219.85.79.157,NULL,"[('25', 'tcp'), ('110', 'tcp'), ('143', 'tcp'), ('443', 'tcp'), ('465', 'tcp'), ('587', 'tcp'), ('993', 'tcp'), ('995', 'tcp')]"
ettoday.net,jp1-aspmx1.worksmobile.com,203.104.170.27,NULL,"[('25', 'tcp'), ('110', 'tcp'), ('119', 'tcp'), ('143', 'tcp'), ('465', 'tcp'), ('563', 'tcp'), ('587', 'tcp'), ('993', 'tcp'), ('995', 'tcp')]"
ettoday.net,epaper.ettoday.net,219.85.79.174,NULL,"[('25', 'tcp'), ('110', 'tcp'), ('143', 'tcp'), ('443', 'tcp'), ('465', 'tcp'), ('563', 'tcp'), ('587', 'tcp'), ('993', 'tcp'), ('995', 'tcp')]"
ettoday.net,mail.ettoday.net,219.85.79.135,NULL,"[('25', 'tcp'), ('53', 'tcp'), ('110', 'tcp'), ('119', 'tcp'), ('143', 'tcp'), ('465', 'tcp'), ('563', 'tcp'), ('587', 'tcp'), ('993', 'tcp'), ('995', 'tcp')]"
ettoday.net,ettoday-net.mail.protection.outlook.com,104.47.125.36,NULL,"[('25', 'tcp'), ('110', 'tcp'), ('119', 'tcp'), ('143', 'tcp'), ('563', 'tcp'), ('587', 'tcp'), ('993', 'tcp'), ('995', 'tcp')]"
ettoday.net,ettoday-net.mail.protection.outlook.com,104.47.124.36,NULL,"[('25', 'tcp'), ('110', 'tcp'), ('143', 'tcp'), ('465', 'tcp'), ('563', 'tcp'), ('587', 'tcp'), ('993', 'tcp'), ('995', 'tcp')]"
tumblr.com,aspmx.l.google.com,173.194.66.27,NULL,"[('25', 'tcp'), ('110', 'tcp'), ('119', 'tcp'), ('143', 'tcp'), ('563', 'tcp'), ('587', 'tcp'), ('993', 'tcp'), ('995', 'tcp')]"
tumblr.com,alt1.aspmx.l.google.com,64.233.186.27,NULL,"[('25', 'tcp'), ('110', 'tcp'), ('119', 'tcp'), ('143', 'tcp'), ('465', 'tcp'), ('587', 'tcp'), ('993', 'tcp'), ('995', 'tcp')]"
tumblr.com,aspmx3.googlemail.com,209.85.202.27,NULL,"[('25', 'tcp'), ('110', 'tcp'), ('119', 'tcp'), ('143', 'tcp'), ('465', 'tcp'), ('587', 'tcp'), ('993', 'tcp'), ('995', 'tcp')]"
tumblr.com,alt2.aspmx.l.google.com,209.85.202.27,NULL,"[('25', 'tcp'), ('110', 'tcp'), ('119', 'tcp'), ('143', 'tcp'), ('563', 'tcp'), ('587', 'tcp'), ('993', 'tcp'), ('995', 'tcp')]"
tumblr.com,aspmx2.googlemail.com,64.233.186.26,NULL,"[('25', 'tcp'), ('110', 'tcp'), ('143', 'tcp'), ('465', 'tcp'), ('563', 'tcp'), ('587', 'tcp'), ('993', 'tcp'), ('995', 'tcp')]"
soundcloud.com,alt2.aspmx.l.google.com,209.85.202.27,NULL,"[('25', 'tcp'), ('110', 'tcp'), ('119', 'tcp'), ('143', 'tcp'), ('465', 'tcp'), ('563', 'tcp'), ('587', 'tcp'), ('993', 'tcp'), ('995', 'tcp')]"
soundcloud.com,aspmx2.googlemail.com,64.233.186.26,NULL,"[('25', 'tcp'), ('110', 'tcp'), ('119', 'tcp'), ('143', 'tcp'), ('465', 'tcp'), ('563', 'tcp'), ('587', 'tcp'), ('993', 'tcp'), ('995', 'tcp')]"
soundcloud.com,aspmx3.googlemail.com,209.85.202.27,NULL,"[('25', 'tcp'), ('110', 'tcp'), ('119', 'tcp'), ('143', 'tcp'), ('465', 'tcp'), ('587', 'tcp'), ('993', 'tcp'), ('995', 'tcp')]"
soundcloud.com,aspmx.l.google.com,209.85.201.27,NULL,"[('25', 'tcp'), ('110', 'tcp'), ('119', 'tcp'), ('143', 'tcp'), ('465', 'tcp'), ('563', 'tcp'), ('587', 'tcp'), ('993', 'tcp'), ('995', 'tcp')]"
soundcloud.com,alt1.aspmx.l.google.com,64.233.186.27,NULL,"[('25', 'tcp'), ('110', 'tcp'), ('587', 'tcp'), ('993', 'tcp')]"
amazon.co.uk,amazon-smtp.amazon.com,207.171.188.200,NULL,"[('25', 'tcp'), ('110', 'tcp'), ('119', 'tcp'), ('143', 'tcp'), ('465', 'tcp'), ('563', 'tcp'), ('587', 'tcp'), ('993', 'tcp'), ('995', 'tcp')]"
amazon.co.uk,amazon-smtp.amazon.com,52.94.124.8,NULL,"[('25', 'tcp'), ('110', 'tcp'), ('119', 'tcp'), ('143', 'tcp'), ('587', 'tcp'), ('993', 'tcp'), ('995', 'tcp')]"
amazon.co.uk,amazon-smtp.amazon.com,207.171.188.182,NULL,"[('25', 'tcp'), ('110', 'tcp'), ('119', 'tcp'), ('143', 'tcp'), ('465', 'tcp'), ('563', 'tcp'), ('587', 'tcp'), ('993', 'tcp'), ('995', 'tcp')]"
github.com,ALT4.ASPMX.L.GOOGLE.COM,172.217.218.26,NULL,"[('25', 'tcp'), ('110', 'tcp'), ('119', 'tcp'), ('143', 'tcp'), ('465', 'tcp'), ('563', 'tcp'), ('587', 'tcp'), ('993', 'tcp'), ('995', 'tcp')]"
github.com,ASPMX.L.GOOGLE.COM,209.85.201.27,NULL,"[('25', 'tcp'), ('110', 'tcp'), ('119', 'tcp'), ('143', 'tcp'), ('465', 'tcp'), ('563', 'tcp'), ('587', 'tcp'), ('993', 'tcp'), ('995', 'tcp')]"
github.com,ALT3.ASPMX.L.GOOGLE.COM,172.253.120.26,NULL,"[('25', 'tcp'), ('110', 'tcp'), ('119', 'tcp'), ('143', 'tcp'), ('465', 'tcp'), ('563', 'tcp'), ('587', 'tcp'), ('993', 'tcp'), ('995', 'tcp')]"
google.it,alt2.aspmx.l.google.com,209.85.202.27,NULL,"[('25', 'tcp'), ('110', 'tcp'), ('119', 'tcp'), ('143', 'tcp'), ('465', 'tcp'), ('563', 'tcp'), ('587', 'tcp'), ('993', 'tcp'), ('995', 'tcp')]"
google.it,aspmx.l.google.com,209.85.201.27,NULL,"[('25', 'tcp'), ('110', 'tcp'), ('119', 'tcp'), ('143', 'tcp'), ('563', 'tcp'), ('587', 'tcp'), ('993', 'tcp'), ('995', 'tcp')]"
google.it,alt1.aspmx.l.google.com,64.233.186.27,NULL,"[('25', 'tcp'), ('110', 'tcp'), ('119', 'tcp'), ('143', 'tcp'), ('465', 'tcp'), ('563', 'tcp'), ('587', 'tcp'), ('993', 'tcp'), ('995', 'tcp')]"
google.it,alt3.aspmx.l.google.com,172.253.120.26,NULL,"[('25', 'tcp'), ('110', 'tcp'), ('119', 'tcp'), ('143', 'tcp'), ('465', 'tcp'), ('563', 'tcp'), ('587', 'tcp'), ('993', 'tcp'), ('995', 'tcp')]"
google.it,alt4.aspmx.l.google.com,172.217.218.26,NULL,"[('25', 'tcp'), ('110', 'tcp'), ('143', 'tcp'), ('563', 'tcp'), ('587', 'tcp'), ('993', 'tcp'), ('995', 'tcp')]"
jrj.com.cn,mxbiz2.qq.com,61.241.49.98,NULL,"[('25', 'tcp'), ('110', 'tcp'), ('119', 'tcp'), ('143', 'tcp'), ('465', 'tcp'), ('563', 'tcp'), ('587', 'tcp'), ('843', 'tcp'), ('993', 'tcp'), ('995', 'tcp')]"
jrj.com.cn,mxbiz2.qq.com,163.177.89.176,NULL,"[('25', 'tcp'), ('80', 'tcp'), ('110', 'tcp'), ('119', 'tcp'), ('443', 'tcp'), ('465', 'tcp'), ('563', 'tcp'), ('587', 'tcp'), ('843', 'tcp')]"
jrj.com.cn,mxbiz1.qq.com,203.205.232.191,NULL,"[('25', 'tcp'), ('110', 'tcp'), ('143', 'tcp'), ('443', 'tcp'), ('465', 'tcp'), ('563', 'tcp'), ('587', 'tcp'), ('843', 'tcp'), ('993', 'tcp'), ('995', 'tcp')]"
whatsapp.com,mxb-00082601.gslb.pphosted.com,67.231.145.42,NULL,"[('25', 'tcp'), ('110', 'tcp'), ('119', 'tcp'), ('143', 'tcp'), ('465', 'tcp'), ('563', 'tcp'), ('587', 'tcp'), ('993', 'tcp'), ('995', 'tcp'), ('10000', 'tcp'), ('10001', 'tcp')]"
whatsapp.com,mxa-00082601.gslb.pphosted.com,67.231.145.42,NULL,"[('25', 'tcp'), ('110', 'tcp'), ('119', 'tcp'), ('143', 'tcp'), ('465', 'tcp'), ('563', 'tcp'), ('587', 'tcp'), ('993', 'tcp'), ('995', 'tcp'), ('10000', 'tcp'), ('10001', 'tcp')]"
google.ru,alt1.aspmx.l.google.com,64.233.186.26,NULL,"[('25', 'tcp'), ('110', 'tcp'), ('143', 'tcp'), ('465', 'tcp'), ('587', 'tcp'), ('993', 'tcp'), ('995', 'tcp')]"
google.ru,alt4.aspmx.l.google.com,172.217.218.26,NULL,"[('25', 'tcp'), ('110', 'tcp'), ('143', 'tcp'), ('465', 'tcp'), ('563', 'tcp'), ('587', 'tcp'), ('993', 'tcp'), ('995', 'tcp')]"
google.ru,alt3.aspmx.l.google.com,172.253.120.26,NULL,"[('25', 'tcp'), ('110', 'tcp'), ('119', 'tcp'), ('143', 'tcp'), ('465', 'tcp'), ('563', 'tcp'), ('587', 'tcp'), ('993', 'tcp'), ('995', 'tcp')]"
google.ru,alt2.aspmx.l.google.com,209.85.202.26,NULL,"[('110', 'tcp'), ('143', 'tcp'), ('587', 'tcp'), ('993', 'tcp')]"
google.ru,aspmx.l.google.com,172.217.197.27,NULL,"[('25', 'tcp'), ('110', 'tcp'), ('143', 'tcp'), ('465', 'tcp'), ('587', 'tcp'), ('993', 'tcp'), ('995', 'tcp')]"
google.de,alt3.aspmx.l.google.com,172.253.120.26,NULL,"[('25', 'tcp'), ('110', 'tcp'), ('119', 'tcp'), ('143', 'tcp'), ('465', 'tcp'), ('587', 'tcp'), ('993', 'tcp'), ('995', 'tcp')]"
google.de,alt2.aspmx.l.google.com,209.85.202.26,NULL,"[('25', 'tcp'), ('110', 'tcp'), ('119', 'tcp'), ('143', 'tcp'), ('465', 'tcp'), ('563', 'tcp'), ('587', 'tcp'), ('993', 'tcp'), ('995', 'tcp')]"
google.de,aspmx.l.google.com,172.217.197.27,NULL,"[('25', 'tcp'), ('110', 'tcp'), ('143', 'tcp'), ('465', 'tcp'), ('563', 'tcp'), ('587', 'tcp'), ('993', 'tcp'), ('995', 'tcp')]"
google.de,alt1.aspmx.l.google.com,64.233.186.26,NULL,"[('25', 'tcp'), ('110', 'tcp'), ('119', 'tcp'), ('143', 'tcp'), ('465', 'tcp'), ('563', 'tcp'), ('587', 'tcp'), ('993', 'tcp'), ('995', 'tcp')]"
google.de,alt4.aspmx.l.google.com,172.217.218.26,NULL,"[('25', 'tcp'), ('110', 'tcp'), ('119', 'tcp'), ('143', 'tcp'), ('465', 'tcp'), ('587', 'tcp'), ('993', 'tcp'), ('995', 'tcp')]"
amazon.de,amazon-smtp.amazon.com,52.119.213.148,NULL,"[('25', 'tcp'), ('110', 'tcp'), ('119', 'tcp'), ('143', 'tcp'), ('465', 'tcp'), ('563', 'tcp'), ('587', 'tcp'), ('993', 'tcp'), ('995', 'tcp')]"
amazon.de,amazon-smtp.amazon.com,52.94.124.8,NULL,"[('25', 'tcp'), ('110', 'tcp'), ('119', 'tcp'), ('143', 'tcp'), ('465', 'tcp'), ('563', 'tcp'), ('587', 'tcp'), ('993', 'tcp'), ('995', 'tcp')]"
amazon.de,amazon-smtp.amazon.com,52.94.124.10,NULL,"[('25', 'tcp'), ('110', 'tcp'), ('119', 'tcp'), ('143', 'tcp'), ('465', 'tcp'), ('563', 'tcp'), ('587', 'tcp'), ('993', 'tcp'), ('995', 'tcp')]"
google.fr,alt1.aspmx.l.google.com,64.233.186.26,NULL,"[('25', 'tcp'), ('110', 'tcp'), ('119', 'tcp'), ('143', 'tcp'), ('465', 'tcp'), ('563', 'tcp'), ('587', 'tcp'), ('993', 'tcp'), ('995', 'tcp')]"
google.fr,alt4.aspmx.l.google.com,172.217.218.26,NULL,"[('25', 'tcp'), ('110', 'tcp'), ('143', 'tcp'), ('563', 'tcp'), ('587', 'tcp'), ('993', 'tcp'), ('995', 'tcp')]"
google.fr,aspmx.l.google.com,172.217.197.27,NULL,"[('25', 'tcp'), ('110', 'tcp'), ('119', 'tcp'), ('143', 'tcp'), ('465', 'tcp'), ('587', 'tcp'), ('993', 'tcp'), ('995', 'tcp')]"
google.fr,alt3.aspmx.l.google.com,172.253.120.27,NULL,"[('25', 'tcp'), ('110', 'tcp'), ('119', 'tcp'), ('143', 'tcp'), ('465', 'tcp'), ('563', 'tcp'), ('587', 'tcp'), ('993', 'tcp'), ('995', 'tcp')]"
google.fr,alt2.aspmx.l.google.com,209.85.202.26,NULL,"[('25', 'tcp'), ('110', 'tcp'), ('119', 'tcp'), ('143', 'tcp'), ('465', 'tcp'), ('563', 'tcp'), ('587', 'tcp'), ('993', 'tcp'), ('995', 'tcp')]"
indeed.com,alt1.aspmx.l.google.com,64.233.186.26,NULL,"[('25', 'tcp'), ('110', 'tcp'), ('143', 'tcp'), ('465', 'tcp'), ('563', 'tcp'), ('587', 'tcp'), ('993', 'tcp'), ('995', 'tcp')]"
indeed.com,aspmx.l.google.com,172.217.197.27,NULL,"[('25', 'tcp'), ('110', 'tcp'), ('119', 'tcp'), ('143', 'tcp'), ('587', 'tcp'), ('993', 'tcp'), ('995', 'tcp')]"
indeed.com,alt2.aspmx.l.google.com,209.85.202.26,NULL,"[('25', 'tcp'), ('110', 'tcp'), ('119', 'tcp'), ('143', 'tcp'), ('465', 'tcp'), ('563', 'tcp'), ('587', 'tcp'), ('993', 'tcp'), ('995', 'tcp')]"
indeed.com,aspmx3.googlemail.com,209.85.202.27,NULL,"[('25', 'tcp'), ('110', 'tcp'), ('119', 'tcp'), ('143', 'tcp'), ('587', 'tcp'), ('993', 'tcp'), ('995', 'tcp')]"
indeed.com,aspmx2.googlemail.com,64.233.186.26,NULL,"[('25', 'tcp'), ('110', 'tcp'), ('119', 'tcp'), ('143', 'tcp'), ('465', 'tcp'), ('587', 'tcp'), ('993', 'tcp'), ('995', 'tcp')]"
